Age,Gender,Marital Status,Education Level,Employment Status,Credit Utilization Ratio,Payment History,Number of Credit Accounts,Loan Amount,Interest Rate,Loan Term,Type of Loan,Age Group
60,Male,Married,Master,Employed,0.22,"2,685",2,"4,675,000",2.65,48,Personal Loan,sixties
25,Male,Married,High School,Unemployed,0.2,"2,371",9,"3,619,000",5.19,60,Auto Loan,twenties
30,Female,Single,Master,Employed,0.22,"2,771",6,"957,000",2.76,12,Auto Loan,thirties
58,Female,Married,PhD,Unemployed,0.12,"1,371",2,"4,731,000",6.57,60,Auto Loan,fifties
32,Male,Married,Bachelor,Self-Employed,0.99,828,2,"3,289,000",6.28,36,Personal Loan,thirties
42,Male,Divorced,Master,Unemployed,0.94,"2,342",2,"1,536,000",11.15,24,Personal Loan,forties
44,Female,Divorced,Bachelor,Unemployed,0.32,"2,800",1,"2,021,000",16.61,36,Auto Loan,forties
24,Male,Divorced,Master,Employed,0.66,"1,428",8,"1,298,000",6.03,24,Home Loan,twenties
54,Female,Divorced,PhD,Unemployed,0.4,800,3,"4,374,000",10.38,12,Personal Loan,fifties
60,Male,Divorced,PhD,Unemployed,0.06,"1,371",10,"4,026,000",11.05,60,Personal Loan,sixties
27,Female,Divorced,Master,Employed,0.29,571,8,"127,000",19.12,36,Home Loan,twenties
52,Male,Divorced,Master,Unemployed,0.51,714,3,"3,237,000",15.49,60,Home Loan,fifties
58,Female,Single,High School,Employed,0.93,"1,114",4,"586,000",5.58,60,Personal Loan,fifties
51,Male,Divorced,Bachelor,Employed,0.66,"2,000",3,"2,323,000",11.03,60,Auto Loan,fifties
54,Male,Divorced,Master,Self-Employed,1.0,"2,371",6,"3,775,000",18.09,48,Personal Loan,fifties
34,Male,Single,High School,Unemployed,0.55,"2,142",4,"160,000",2.35,12,Personal Loan,thirties
22,Female,Married,Bachelor,Self-Employed,0.67,771,9,"1,210,000",14.74,60,Home Loan,twenties
35,Female,Single,Bachelor,Employed,0.1,"1,571",6,"3,653,000",8.81,12,Home Loan,thirties
61,Male,Married,PhD,Unemployed,0.34,371,4,"1,707,000",4.61,48,Personal Loan,sixties
31,Female,Single,Bachelor,Employed,0.44,"2,000",2,"524,000",13.39,60,Personal Loan,thirties
35,Male,Single,PhD,Self-Employed,0.21,"1,457",1,"1,481,000",8.2,48,Auto Loan,thirties
38,Female,Divorced,PhD,Employed,0.19,771,1,"4,959,000",14.98,12,Home Loan,thirties
23,Male,Divorced,PhD,Unemployed,0.92,"1,914",3,"577,000",19.25,12,Personal Loan,twenties
58,Male,Divorced,Bachelor,Self-Employed,0.12,"2,057",4,"4,956,000",12.3,60,Personal Loan,fifties
62,Female,Single,Bachelor,Unemployed,0.72,857,5,"3,420,000",3.49,36,Auto Loan,sixties
24,Male,Single,High School,Employed,0.54,"1,828",5,"1,211,000",18.73,12,Personal Loan,twenties
38,Male,Single,Master,Unemployed,0.98,"2,371",9,"166,000",13.69,60,Auto Loan,thirties
26,Male,Single,High School,Employed,0.74,542,5,"2,464,000",12.49,36,Personal Loan,twenties
60,Female,Divorced,PhD,Self-Employed,0.91,171,2,"3,653,000",16.76,12,Personal Loan,sixties
28,Female,Married,PhD,Unemployed,0.71,"2,028",1,"1,038,000",2.43,24,Home Loan,twenties
43,Male,Single,Bachelor,Employed,0.31,142,6,"1,862,000",13.96,12,Auto Loan,forties
46,Male,Married,Bachelor,Employed,0.88,85,3,"2,887,000",15.87,48,Home Loan,forties
35,Female,Married,High School,Self-Employed,0.87,"1,714",4,"1,774,000",16.52,48,Auto Loan,thirties
34,Male,Married,Bachelor,Self-Employed,0.33,228,5,"3,046,000",13.19,48,Home Loan,thirties
41,Male,Married,Master,Employed,0.58,942,1,"1,009,000",12.33,36,Home Loan,forties
47,Male,Single,Bachelor,Self-Employed,0.04,"1,571",1,"4,461,000",18.59,60,Home Loan,forties
62,Male,Single,PhD,Employed,0.95,"1,200",10,"2,733,000",13.6,12,Home Loan,sixties
52,Female,Divorced,PhD,Self-Employed,0.4,"1,057",9,"1,168,000",4.64,48,Home Loan,fifties
31,Female,Single,High School,Self-Employed,0.29,"1,571",10,"2,803,000",9.83,48,Home Loan,thirties
52,Female,Divorced,Bachelor,Unemployed,0.08,"1,857",10,"2,912,000",2.77,24,Home Loan,fifties
34,Male,Married,High School,Employed,0.24,"1,714",10,"711,000",9.65,60,Personal Loan,thirties
64,Female,Single,PhD,Employed,0.15,"2,514",1,"994,000",15.79,24,Personal Loan,sixties
53,Female,Married,Bachelor,Employed,0.46,"1,685",9,"4,789,000",12.31,48,Home Loan,fifties
52,Female,Divorced,PhD,Employed,0.74,"1,714",8,"2,274,000",15.28,36,Home Loan,fifties
60,Male,Single,PhD,Employed,0.71,857,5,"2,917,000",7.07,60,Personal Loan,sixties
29,Male,Single,Bachelor,Unemployed,0.21,"1,514",7,"2,876,000",11.31,48,Personal Loan,twenties
46,Female,Divorced,High School,Unemployed,0.38,0,6,"2,605,000",15.32,48,Home Loan,forties
54,Male,Single,Bachelor,Self-Employed,0.44,85,7,"2,920,000",13.71,48,Home Loan,fifties
49,Male,Divorced,High School,Self-Employed,0.59,"2,400",1,"804,000",13.21,24,Auto Loan,forties
23,Female,Single,Master,Employed,0.45,"1,228",7,"2,434,000",15.29,48,Auto Loan,twenties
50,Male,Divorced,High School,Self-Employed,0.22,228,1,"360,000",19.04,24,Personal Loan,fifties
29,Male,Married,PhD,Unemployed,0.11,771,8,"2,250,000",15.57,24,Home Loan,twenties
65,Male,Married,Master,Employed,0.58,"1,114",10,"3,248,000",8.54,24,Personal Loan,sixties
64,Male,Married,Master,Unemployed,0.6,428,10,"445,000",7.6,48,Home Loan,sixties
24,Female,Married,PhD,Self-Employed,0.11,"1,314",8,"1,383,000",9.27,60,Home Loan,twenties
59,Female,Single,PhD,Unemployed,0.59,"1,171",4,"827,000",6.3,48,Personal Loan,fifties
56,Female,Single,High School,Self-Employed,0.85,657,8,"1,879,000",7.74,36,Auto Loan,fifties
58,Female,Divorced,High School,Unemployed,0.95,285,4,"3,509,000",10.28,24,Home Loan,fifties
61,Female,Single,High School,Employed,0.29,"1,457",4,"2,669,000",13.62,36,Auto Loan,sixties
53,Female,Single,Master,Self-Employed,0.7,971,5,"2,209,000",5.38,24,Auto Loan,fifties
54,Male,Married,Bachelor,Unemployed,0.48,"2,628",10,"4,501,000",12.34,12,Personal Loan,fifties
34,Female,Married,Master,Employed,0.71,457,5,"482,000",19.51,60,Auto Loan,thirties
28,Female,Married,High School,Unemployed,0.28,"1,742",8,"2,958,000",4.5,12,Auto Loan,twenties
27,Male,Single,PhD,Employed,0.58,"2,485",1,"1,373,000",3.83,60,Auto Loan,twenties
35,Male,Divorced,PhD,Unemployed,0.6,"2,257",4,"4,484,000",8.23,48,Auto Loan,thirties
47,Female,Divorced,High School,Unemployed,0.96,342,4,"1,870,000",6.03,12,Personal Loan,forties
31,Male,Married,High School,Self-Employed,0.45,"2,171",8,"2,543,000",1.62,36,Home Loan,thirties
64,Female,Married,Bachelor,Self-Employed,0.79,"2,285",10,"1,759,000",9.08,60,Personal Loan,sixties
29,Female,Married,High School,Employed,0.17,"1,114",10,"4,875,000",18.5,48,Personal Loan,twenties
64,Female,Divorced,PhD,Self-Employed,0.5,"1,800",8,"775,000",12.36,48,Home Loan,sixties
58,Female,Married,High School,Employed,0.96,"2,085",10,"274,000",19.99,36,Home Loan,fifties
31,Female,Divorced,PhD,Self-Employed,0.18,"2,114",7,"4,225,000",19.41,48,Auto Loan,thirties
41,Female,Divorced,High School,Employed,0.33,"2,514",8,"2,518,000",13.59,48,Home Loan,forties
49,Male,Single,Master,Self-Employed,0.12,"2,800",7,"4,417,000",16.67,12,Home Loan,forties
49,Female,Married,Bachelor,Unemployed,0.36,"2,742",8,"3,808,000",15.44,24,Auto Loan,forties
28,Female,Single,PhD,Employed,0.03,"2,285",10,"2,107,000",14.49,36,Home Loan,twenties
55,Female,Married,Bachelor,Employed,0.46,428,3,"4,281,000",18.72,36,Home Loan,fifties
37,Female,Single,PhD,Employed,0.46,514,7,"1,699,000",18.52,60,Home Loan,thirties
24,Female,Single,Master,Unemployed,0.27,0,5,"2,604,000",16.91,60,Home Loan,twenties
29,Female,Divorced,PhD,Self-Employed,0.33,"2,771",9,"3,264,000",9.65,36,Personal Loan,twenties
35,Female,Married,PhD,Employed,0.32,"1,714",7,"3,339,000",19.78,24,Auto Loan,thirties
28,Female,Married,PhD,Employed,0.53,"1,657",1,"1,309,000",8.79,24,Personal Loan,twenties
36,Female,Divorced,PhD,Unemployed,0.08,"1,200",9,"3,288,000",19.13,48,Home Loan,thirties
59,Male,Married,Master,Employed,0.75,"1,571",2,"943,000",9.43,36,Personal Loan,fifties
40,Male,Single,Master,Self-Employed,0.43,885,9,"3,557,000",11.75,24,Personal Loan,forties
25,Female,Divorced,Bachelor,Self-Employed,0.91,514,4,"3,968,000",13.12,48,Auto Loan,twenties
20,Female,Single,Bachelor,Employed,0.44,"1,257",10,"2,609,000",13.14,48,Home Loan,twenties
49,Female,Married,PhD,Self-Employed,0.11,"1,371",10,"3,111,000",11.92,36,Personal Loan,forties
45,Female,Married,High School,Unemployed,0.75,"1,028",4,"3,055,000",5.16,24,Home Loan,forties
63,Male,Divorced,High School,Unemployed,0.65,"1,114",8,"380,000",12.01,24,Personal Loan,sixties
40,Female,Married,Bachelor,Employed,0.79,"1,314",9,"4,309,000",18.36,24,Auto Loan,forties
38,Female,Married,PhD,Employed,0.14,800,7,"4,775,000",7.95,48,Personal Loan,thirties
54,Male,Single,Master,Unemployed,0.75,942,10,"3,296,000",16.63,36,Personal Loan,fifties
34,Female,Married,Master,Unemployed,0.22,228,8,"2,635,000",13.34,12,Personal Loan,thirties
22,Female,Single,High School,Employed,0.23,"1,942",3,"3,360,000",9.62,60,Auto Loan,twenties
29,Female,Divorced,High School,Self-Employed,0.62,"1,000",1,"3,208,000",5.13,48,Personal Loan,twenties
26,Female,Divorced,Master,Employed,0.4,685,2,"3,914,000",2.74,24,Home Loan,twenties
58,Male,Married,Master,Employed,0.99,"2,857",10,"1,821,000",2.3,60,Personal Loan,fifties
33,Male,Single,Bachelor,Unemployed,0.0,514,3,"4,632,000",5.76,24,Personal Loan,thirties
21,Male,Married,Master,Employed,0.59,57,3,"2,326,000",2.0,48,Home Loan,twenties
24,Female,Single,Master,Unemployed,0.59,"1,628",9,"1,958,000",18.96,12,Home Loan,twenties
53,Female,Single,High School,Employed,1.0,"1,457",7,"1,006,000",10.32,48,Personal Loan,fifties
40,Male,Married,Bachelor,Self-Employed,0.62,"2,114",9,"2,828,000",8.24,60,Home Loan,forties
49,Female,Married,High School,Unemployed,0.65,"2,800",9,"1,904,000",9.17,24,Auto Loan,forties
49,Female,Single,High School,Self-Employed,0.43,"2,428",5,"3,240,000",19.12,48,Personal Loan,forties
25,Male,Single,High School,Unemployed,0.74,457,9,"603,000",12.14,60,Home Loan,twenties
62,Male,Single,Master,Unemployed,0.94,"1,542",1,"2,513,000",12.41,36,Personal Loan,sixties
52,Male,Married,PhD,Employed,0.85,"1,257",9,"3,183,000",3.18,36,Home Loan,fifties
47,Male,Divorced,Master,Employed,0.18,"2,542",5,"2,951,000",7.67,24,Personal Loan,forties
62,Female,Married,Bachelor,Unemployed,0.63,85,2,"4,550,000",5.09,48,Auto Loan,sixties
30,Female,Single,Master,Unemployed,0.6,171,3,"1,420,000",15.33,12,Home Loan,thirties
37,Female,Divorced,PhD,Self-Employed,0.61,"1,514",5,"1,908,000",15.34,12,Auto Loan,thirties
27,Female,Divorced,PhD,Unemployed,0.67,142,4,"3,416,000",19.7,12,Personal Loan,twenties
39,Male,Married,Master,Self-Employed,0.33,0,8,"3,713,000",4.34,48,Home Loan,thirties
34,Female,Married,PhD,Unemployed,0.04,57,8,"753,000",17.38,60,Auto Loan,thirties
45,Female,Single,High School,Self-Employed,0.02,"1,171",3,"3,960,000",16.81,36,Personal Loan,forties
26,Male,Single,PhD,Unemployed,0.08,"1,114",6,"1,959,000",7.33,24,Personal Loan,twenties
60,Male,Divorced,Bachelor,Self-Employed,0.35,"2,342",3,"2,082,000",2.95,36,Personal Loan,sixties
58,Male,Divorced,High School,Employed,0.95,"2,285",8,"3,992,000",15.33,60,Auto Loan,fifties
56,Female,Divorced,Master,Employed,0.44,"1,714",8,"2,640,000",16.13,60,Personal Loan,fifties
52,Male,Single,PhD,Self-Employed,0.04,"1,342",5,"744,000",13.25,12,Home Loan,fifties
52,Female,Single,High School,Self-Employed,0.91,"2,085",4,"2,797,000",12.5,60,Personal Loan,fifties
48,Male,Single,High School,Unemployed,0.65,142,4,"3,772,000",19.83,60,Home Loan,forties
30,Female,Single,Master,Self-Employed,0.41,"1,228",10,"539,000",16.0,36,Personal Loan,thirties
26,Female,Single,Master,Unemployed,0.85,"2,200",3,"2,896,000",2.55,24,Auto Loan,twenties
61,Female,Married,High School,Self-Employed,0.56,"2,342",6,"1,172,000",13.73,60,Personal Loan,sixties
62,Female,Divorced,Master,Employed,0.36,657,4,"2,967,000",19.01,48,Personal Loan,sixties
28,Male,Married,Master,Employed,0.51,"1,971",9,"417,000",13.58,60,Personal Loan,twenties
44,Male,Married,Bachelor,Unemployed,0.77,600,8,"467,000",8.81,24,Auto Loan,forties
38,Female,Married,Bachelor,Self-Employed,0.97,"2,857",8,"1,728,000",7.99,60,Auto Loan,thirties
38,Female,Divorced,PhD,Employed,0.82,"2,200",3,"2,197,000",1.99,48,Auto Loan,thirties
26,Male,Single,High School,Employed,0.27,"1,857",3,"3,770,000",2.74,24,Auto Loan,twenties
21,Female,Married,PhD,Unemployed,0.37,"1,400",2,"3,245,000",5.27,36,Personal Loan,twenties
61,Female,Married,Bachelor,Employed,0.29,"1,714",3,"4,035,000",9.52,12,Personal Loan,sixties
36,Male,Married,PhD,Employed,0.78,857,5,"1,122,000",1.91,48,Home Loan,thirties
49,Male,Married,PhD,Unemployed,0.54,"2,285",9,"4,924,000",5.6,24,Auto Loan,forties
20,Female,Married,PhD,Employed,0.66,285,9,"3,125,000",2.29,60,Home Loan,twenties
52,Male,Single,PhD,Employed,0.64,"1,342",5,"236,000",7.78,12,Auto Loan,fifties
62,Male,Divorced,Master,Employed,0.04,"1,971",6,"1,569,000",16.78,48,Home Loan,sixties
60,Male,Married,High School,Unemployed,0.78,"1,657",1,"2,562,000",4.83,24,Personal Loan,sixties
39,Female,Divorced,PhD,Self-Employed,0.04,"2,342",4,"2,500,000",7.78,12,Home Loan,thirties
37,Male,Single,PhD,Self-Employed,0.74,"1,400",6,"1,667,000",10.43,48,Auto Loan,thirties
37,Male,Divorced,PhD,Employed,0.43,657,9,"2,564,000",7.1,12,Auto Loan,thirties
38,Female,Single,PhD,Employed,0.69,"1,257",8,"455,000",14.81,36,Home Loan,thirties
37,Male,Married,PhD,Self-Employed,0.51,"2,714",3,"361,000",3.71,60,Home Loan,thirties
22,Male,Married,Bachelor,Unemployed,0.37,"1,400",10,"372,000",12.5,48,Auto Loan,twenties
48,Male,Divorced,Bachelor,Unemployed,0.37,"1,142",5,"2,194,000",19.25,12,Home Loan,forties
51,Female,Divorced,High School,Self-Employed,0.77,"2,571",8,"1,900,000",19.93,36,Home Loan,fifties
32,Male,Married,High School,Self-Employed,0.17,"2,600",8,"836,000",16.4,36,Home Loan,thirties
65,Male,Divorced,Master,Self-Employed,0.85,"2,600",3,"3,132,000",10.67,12,Personal Loan,sixties
35,Female,Married,Master,Unemployed,0.57,"1,685",9,"1,189,000",12.63,12,Personal Loan,thirties
45,Female,Divorced,PhD,Self-Employed,0.82,257,3,"2,759,000",13.2,48,Auto Loan,forties
53,Female,Married,Bachelor,Employed,0.43,200,2,"4,446,000",3.91,24,Personal Loan,fifties
65,Male,Single,Master,Employed,0.25,"2,314",9,"2,402,000",3.38,36,Home Loan,sixties
25,Male,Divorced,Bachelor,Employed,0.66,"2,628",10,"2,932,000",17.01,60,Personal Loan,twenties
25,Male,Divorced,Master,Unemployed,0.21,"2,085",7,"354,000",10.46,60,Auto Loan,twenties
39,Female,Married,PhD,Self-Employed,0.45,"2,514",1,"1,426,000",9.35,48,Auto Loan,thirties
41,Male,Single,Master,Unemployed,0.99,"1,257",7,"1,197,000",15.45,60,Home Loan,forties
40,Male,Single,High School,Self-Employed,0.45,514,2,"525,000",6.51,48,Home Loan,forties
35,Male,Single,Master,Employed,0.76,"1,800",9,"4,016,000",10.48,36,Auto Loan,thirties
25,Female,Divorced,PhD,Employed,0.22,"1,285",1,"524,000",6.35,60,Home Loan,twenties
50,Female,Divorced,High School,Employed,0.43,942,6,"3,483,000",7.95,48,Personal Loan,fifties
55,Male,Single,Master,Employed,0.39,"1,628",9,"2,446,000",16.68,60,Home Loan,fifties
27,Male,Married,PhD,Self-Employed,0.79,"1,228",9,"3,167,000",15.34,24,Home Loan,twenties
45,Male,Married,High School,Employed,0.71,"1,714",9,"3,933,000",3.83,60,Personal Loan,forties
59,Female,Married,PhD,Unemployed,0.74,"1,085",10,"2,922,000",10.64,60,Home Loan,fifties
65,Female,Single,High School,Self-Employed,0.33,400,7,"4,996,000",6.85,12,Home Loan,sixties
36,Male,Divorced,High School,Unemployed,0.48,"1,914",10,"3,289,000",3.81,24,Personal Loan,thirties
64,Male,Married,High School,Self-Employed,0.31,542,7,"1,810,000",8.8,60,Auto Loan,sixties
23,Male,Divorced,Bachelor,Unemployed,0.33,"2,400",8,"4,508,000",8.16,24,Auto Loan,twenties
41,Female,Divorced,Master,Unemployed,0.48,885,5,"4,782,000",6.67,36,Auto Loan,forties
33,Female,Single,PhD,Self-Employed,0.56,"2,628",5,"2,514,000",3.32,60,Auto Loan,thirties
42,Male,Single,High School,Self-Employed,0.96,285,6,"3,811,000",13.46,48,Personal Loan,forties
54,Female,Divorced,Master,Employed,0.11,"2,685",10,"2,107,000",5.61,60,Personal Loan,fifties
34,Male,Married,PhD,Self-Employed,0.72,342,3,"143,000",19.33,24,Auto Loan,thirties
50,Female,Divorced,Bachelor,Self-Employed,0.32,"2,342",1,"850,000",13.39,24,Home Loan,fifties
22,Male,Single,Bachelor,Employed,1.0,"1,428",8,"1,663,000",18.8,36,Personal Loan,twenties
39,Male,Single,Master,Self-Employed,0.99,"1,971",9,"4,243,000",17.9,24,Home Loan,thirties
37,Male,Married,Master,Employed,0.73,"2,342",5,"1,662,000",1.27,36,Auto Loan,thirties
63,Male,Married,PhD,Self-Employed,0.52,314,7,"900,000",4.51,24,Auto Loan,sixties
35,Male,Single,PhD,Employed,0.45,971,6,"2,633,000",12.07,60,Personal Loan,thirties
61,Female,Divorced,Bachelor,Employed,0.67,"1,685",5,"1,440,000",8.7,60,Home Loan,sixties
64,Male,Divorced,Master,Self-Employed,0.61,800,3,"4,111,000",3.91,60,Auto Loan,sixties
64,Female,Divorced,Bachelor,Employed,0.68,"2,171",2,"4,508,000",9.49,36,Personal Loan,sixties
27,Male,Divorced,Bachelor,Unemployed,0.54,600,6,"4,465,000",9.39,24,Home Loan,twenties
51,Male,Divorced,PhD,Employed,0.45,"1,857",7,"3,932,000",11.71,60,Auto Loan,fifties
39,Male,Single,Master,Employed,0.75,"2,114",2,"480,000",9.05,12,Home Loan,thirties
24,Female,Married,Master,Self-Employed,0.18,485,7,"3,241,000",19.86,48,Auto Loan,twenties
44,Male,Divorced,Bachelor,Unemployed,0.86,428,3,"4,607,000",8.47,24,Home Loan,forties
20,Male,Single,PhD,Unemployed,0.72,"1,542",9,"3,282,000",16.64,24,Auto Loan,twenties
29,Female,Married,High School,Employed,0.81,"1,514",10,"231,000",5.57,12,Personal Loan,twenties
22,Female,Divorced,High School,Employed,0.74,"1,457",8,"2,066,000",11.26,12,Personal Loan,twenties
38,Male,Divorced,Master,Unemployed,0.6,"2,457",6,"2,087,000",6.73,24,Home Loan,thirties
34,Female,Single,Master,Employed,0.56,"2,142",3,"3,684,000",11.56,12,Auto Loan,thirties
62,Female,Divorced,Master,Unemployed,0.42,542,5,"3,258,000",4.49,60,Auto Loan,sixties
34,Female,Divorced,Bachelor,Self-Employed,0.91,"2,028",7,"3,594,000",11.59,24,Auto Loan,thirties
36,Male,Single,High School,Self-Employed,0.85,314,9,"1,698,000",1.98,48,Home Loan,thirties
58,Male,Married,Bachelor,Unemployed,0.72,"2,028",4,"4,121,000",4.97,36,Auto Loan,fifties
33,Male,Divorced,High School,Unemployed,1.0,"1,742",4,"1,816,000",8.54,24,Home Loan,thirties
38,Female,Single,Master,Self-Employed,0.26,"1,857",8,"4,009,000",2.87,48,Auto Loan,thirties
43,Female,Single,High School,Unemployed,0.86,"2,685",3,"236,000",5.95,60,Home Loan,forties
46,Female,Married,Bachelor,Self-Employed,0.23,"2,057",4,"4,288,000",11.46,36,Auto Loan,forties
61,Female,Single,Bachelor,Unemployed,0.79,600,3,"4,685,000",10.28,60,Home Loan,sixties
53,Male,Married,High School,Employed,0.41,"2,285",4,"670,000",14.44,12,Personal Loan,fifties
49,Female,Married,PhD,Unemployed,0.49,0,9,"4,728,000",8.82,12,Home Loan,forties
37,Female,Married,PhD,Employed,0.11,342,9,"1,349,000",5.58,60,Home Loan,thirties
42,Female,Single,High School,Self-Employed,0.96,"1,657",10,"2,140,000",19.81,24,Auto Loan,forties
25,Male,Married,PhD,Self-Employed,0.38,"1,714",1,"179,000",14.35,12,Auto Loan,twenties
61,Female,Divorced,High School,Unemployed,0.92,828,4,"4,855,000",10.03,12,Personal Loan,sixties
37,Male,Married,Master,Employed,0.96,"2,142",3,"3,441,000",18.65,36,Personal Loan,thirties
35,Female,Divorced,Master,Self-Employed,0.76,485,2,"4,301,000",15.16,36,Personal Loan,thirties
47,Male,Married,Master,Unemployed,0.77,"2,171",7,"2,838,000",1.56,36,Auto Loan,forties
34,Female,Divorced,PhD,Self-Employed,0.19,"2,114",7,"819,000",15.67,36,Personal Loan,thirties
24,Male,Single,Bachelor,Self-Employed,0.71,"2,314",3,"3,368,000",7.02,12,Personal Loan,twenties
39,Female,Single,Master,Employed,0.13,657,7,"3,865,000",11.58,60,Auto Loan,thirties
21,Male,Single,High School,Unemployed,0.6,"1,171",7,"204,000",6.55,48,Personal Loan,twenties
55,Male,Divorced,Bachelor,Unemployed,0.38,485,5,"2,626,000",6.1,24,Personal Loan,fifties
47,Female,Single,Master,Self-Employed,0.78,"1,314",5,"2,169,000",14.7,48,Home Loan,forties
32,Female,Married,Bachelor,Self-Employed,0.01,"1,428",6,"3,287,000",16.28,36,Auto Loan,thirties
47,Male,Single,Master,Unemployed,0.95,714,8,"2,736,000",4.38,48,Auto Loan,forties
64,Female,Divorced,Bachelor,Self-Employed,0.38,"2,857",7,"3,162,000",3.16,60,Personal Loan,sixties
54,Male,Divorced,High School,Unemployed,0.46,"2,571",4,"3,778,000",16.16,12,Auto Loan,fifties
51,Male,Divorced,Master,Employed,0.25,542,7,"3,262,000",2.41,60,Auto Loan,fifties
45,Female,Divorced,High School,Self-Employed,0.7,"1,942",10,"813,000",3.08,24,Home Loan,forties
42,Male,Divorced,High School,Unemployed,0.98,"2,457",7,"2,882,000",19.35,48,Personal Loan,forties
26,Female,Married,Bachelor,Self-Employed,0.37,"1,685",10,"4,298,000",3.86,12,Auto Loan,twenties
38,Female,Married,High School,Unemployed,0.14,"1,114",6,"3,920,000",15.9,60,Auto Loan,thirties
50,Male,Single,PhD,Self-Employed,0.07,142,2,"289,000",17.13,12,Home Loan,fifties
35,Male,Divorced,Bachelor,Self-Employed,0.56,"1,685",4,"3,498,000",12.97,24,Home Loan,thirties
47,Female,Married,Bachelor,Self-Employed,0.59,"1,400",1,"1,902,000",4.91,12,Home Loan,forties
54,Male,Single,Master,Employed,0.46,942,8,"4,527,000",19.35,36,Home Loan,fifties
59,Female,Divorced,High School,Self-Employed,0.35,"1,657",10,"1,547,000",16.46,36,Home Loan,fifties
25,Male,Single,High School,Employed,0.31,657,6,"1,286,000",10.71,48,Home Loan,twenties
56,Female,Single,Bachelor,Self-Employed,0.64,"2,514",3,"4,755,000",4.17,36,Personal Loan,fifties
40,Female,Divorced,High School,Self-Employed,0.95,"1,771",3,"1,737,000",16.49,60,Home Loan,forties
51,Female,Divorced,PhD,Self-Employed,0.71,"1,600",8,"1,503,000",2.57,12,Personal Loan,fifties
22,Female,Married,Master,Employed,0.78,"2,057",8,"4,711,000",10.71,60,Personal Loan,twenties
54,Female,Divorced,High School,Unemployed,0.44,771,7,"959,000",14.98,24,Auto Loan,fifties
48,Female,Single,High School,Self-Employed,0.87,428,4,"1,861,000",16.4,60,Home Loan,forties
65,Female,Married,Bachelor,Employed,0.81,200,10,"3,043,000",11.11,60,Home Loan,sixties
40,Female,Single,Master,Unemployed,0.99,"2,457",2,"1,237,000",19.29,48,Personal Loan,forties
61,Male,Divorced,Bachelor,Employed,0.15,"1,171",4,"3,394,000",10.3,60,Home Loan,sixties
60,Female,Single,PhD,Employed,0.63,"2,800",2,"3,479,000",10.8,36,Home Loan,sixties
49,Female,Single,High School,Unemployed,0.09,"1,657",6,"631,000",16.12,48,Personal Loan,forties
33,Female,Single,Master,Self-Employed,0.34,"2,085",3,"4,849,000",17.2,36,Home Loan,thirties
22,Male,Divorced,PhD,Employed,0.12,571,8,"3,930,000",1.01,48,Personal Loan,twenties
28,Female,Married,Master,Employed,0.65,914,2,"3,219,000",13.63,24,Personal Loan,twenties
60,Female,Divorced,Bachelor,Self-Employed,0.66,"2,571",2,"109,000",5.06,12,Personal Loan,sixties
34,Female,Married,High School,Unemployed,0.34,428,7,"1,209,000",10.08,24,Auto Loan,thirties
26,Male,Single,Master,Self-Employed,0.14,"2,828",3,"1,298,000",2.3,60,Personal Loan,twenties
61,Male,Single,Master,Unemployed,0.21,"2,714",3,"3,554,000",12.71,48,Personal Loan,sixties
26,Male,Married,PhD,Self-Employed,0.96,"1,142",3,"2,179,000",6.26,12,Personal Loan,twenties
58,Female,Divorced,High School,Unemployed,0.88,742,9,"4,374,000",4.58,48,Auto Loan,fifties
23,Male,Single,PhD,Employed,0.24,"2,314",10,"696,000",11.04,12,Auto Loan,twenties
28,Female,Divorced,PhD,Self-Employed,0.55,628,8,"712,000",1.32,12,Personal Loan,twenties
33,Male,Married,PhD,Unemployed,0.29,"2,600",9,"3,585,000",9.05,48,Personal Loan,thirties
54,Male,Single,High School,Self-Employed,0.08,742,3,"4,600,000",7.21,60,Home Loan,fifties
63,Male,Single,PhD,Unemployed,0.95,857,1,"2,151,000",2.64,48,Personal Loan,sixties
59,Male,Single,Bachelor,Employed,0.01,485,1,"1,474,000",10.43,36,Home Loan,fifties
36,Male,Single,Bachelor,Unemployed,0.78,971,2,"346,000",7.37,48,Auto Loan,thirties
24,Female,Divorced,High School,Self-Employed,0.46,"1,314",1,"4,291,000",17.33,24,Auto Loan,twenties
36,Male,Divorced,High School,Employed,0.74,0,1,"203,000",5.65,48,Auto Loan,thirties
29,Male,Married,PhD,Employed,0.32,"1,514",6,"2,375,000",16.69,60,Auto Loan,twenties
52,Male,Married,Bachelor,Unemployed,0.98,"1,457",2,"4,001,000",17.45,36,Auto Loan,fifties
55,Female,Married,Master,Employed,0.29,"2,857",5,"2,135,000",9.81,60,Auto Loan,fifties
54,Male,Married,High School,Self-Employed,0.02,"1,971",6,"180,000",19.07,12,Home Loan,fifties
39,Male,Married,Bachelor,Self-Employed,0.49,200,3,"2,447,000",2.77,24,Home Loan,thirties
64,Female,Single,High School,Unemployed,0.1,485,7,"728,000",12.25,12,Auto Loan,sixties
28,Male,Single,Master,Self-Employed,0.93,"1,428",6,"2,768,000",9.6,24,Personal Loan,twenties
28,Male,Married,High School,Employed,0.45,"1,142",7,"1,113,000",11.18,24,Auto Loan,twenties
49,Female,Married,High School,Employed,0.81,"1,085",10,"438,000",5.09,36,Personal Loan,forties
65,Male,Single,PhD,Unemployed,0.05,"1,085",5,"1,559,000",1.59,48,Auto Loan,sixties
55,Male,Married,PhD,Employed,0.8,485,2,"200,000",2.17,24,Personal Loan,fifties
45,Female,Divorced,High School,Unemployed,0.59,257,1,"641,000",4.76,48,Personal Loan,forties
41,Male,Married,PhD,Employed,0.17,"2,085",7,"3,413,000",10.43,48,Home Loan,forties
31,Female,Married,Bachelor,Self-Employed,0.28,542,1,"2,162,000",13.3,48,Auto Loan,thirties
50,Male,Married,Master,Self-Employed,0.14,714,9,"2,190,000",12.98,60,Personal Loan,fifties
65,Female,Single,PhD,Self-Employed,0.91,"1,828",6,"3,358,000",6.14,12,Auto Loan,sixties
34,Male,Single,High School,Self-Employed,0.53,"2,800",10,"2,053,000",19.51,12,Personal Loan,thirties
35,Female,Divorced,High School,Employed,0.58,"1,400",6,"1,557,000",4.35,60,Auto Loan,thirties
64,Female,Divorced,High School,Unemployed,0.7,"2,057",10,"1,292,000",11.7,24,Auto Loan,sixties
39,Male,Single,High School,Employed,0.06,"2,200",4,"267,000",11.0,12,Auto Loan,thirties
32,Male,Single,Bachelor,Self-Employed,0.06,514,10,"1,288,000",15.71,60,Auto Loan,thirties
43,Female,Divorced,High School,Self-Employed,0.3,485,3,"3,765,000",16.05,48,Home Loan,forties
31,Female,Married,Bachelor,Self-Employed,0.31,"2,514",5,"1,168,000",4.38,12,Home Loan,thirties
45,Male,Married,Master,Unemployed,0.22,"2,057",2,"4,262,000",3.67,12,Personal Loan,forties
40,Male,Divorced,High School,Unemployed,0.67,"2,657",6,"3,847,000",1.22,24,Personal Loan,forties
24,Female,Single,High School,Unemployed,0.0,"1,400",8,"3,620,000",19.41,48,Auto Loan,twenties
42,Female,Married,PhD,Unemployed,0.65,"2,485",4,"1,464,000",9.57,12,Auto Loan,forties
40,Female,Married,High School,Self-Employed,0.17,"1,371",3,"729,000",11.39,12,Auto Loan,forties
59,Female,Divorced,High School,Self-Employed,0.94,600,10,"3,742,000",3.98,12,Auto Loan,fifties
32,Female,Divorced,Master,Unemployed,0.28,857,2,"516,000",8.47,60,Auto Loan,thirties
23,Female,Married,PhD,Employed,0.29,"2,400",10,"4,129,000",4.79,12,Personal Loan,twenties
60,Female,Married,PhD,Employed,0.31,"1,428",8,"4,203,000",18.0,36,Personal Loan,sixties
54,Female,Married,Master,Self-Employed,0.37,"1,628",1,"2,309,000",9.36,36,Personal Loan,fifties
56,Male,Married,High School,Employed,0.67,"1,971",7,"2,009,000",11.52,48,Home Loan,fifties
54,Female,Divorced,Bachelor,Self-Employed,0.3,"1,428",1,"4,312,000",11.85,60,Home Loan,fifties
59,Male,Married,PhD,Employed,0.95,600,4,"1,717,000",3.4,48,Personal Loan,fifties
47,Male,Divorced,Bachelor,Unemployed,0.26,"2,657",2,"830,000",8.37,48,Home Loan,forties
37,Female,Married,PhD,Employed,0.41,514,10,"4,988,000",15.41,12,Personal Loan,thirties
26,Female,Divorced,Master,Self-Employed,0.26,"2,371",8,"4,898,000",12.57,12,Personal Loan,twenties
45,Male,Divorced,PhD,Employed,0.4,"1,200",4,"513,000",15.17,36,Auto Loan,forties
41,Female,Single,Master,Self-Employed,0.86,"2,485",2,"2,012,000",3.55,48,Auto Loan,forties
46,Male,Married,PhD,Employed,0.91,"1,485",8,"4,433,000",17.48,12,Home Loan,forties
24,Female,Divorced,PhD,Employed,0.78,"1,914",10,"343,000",4.3,24,Personal Loan,twenties
22,Female,Married,Master,Unemployed,0.2,"1,342",8,"4,337,000",8.54,12,Home Loan,twenties
35,Female,Single,PhD,Employed,0.96,"1,714",10,"4,725,000",7.65,24,Auto Loan,thirties
64,Male,Single,High School,Self-Employed,0.05,"2,085",4,"1,957,000",13.3,24,Auto Loan,sixties
46,Male,Divorced,High School,Self-Employed,0.91,"2,342",3,"171,000",5.25,60,Auto Loan,forties
65,Female,Single,PhD,Self-Employed,0.46,771,8,"2,635,000",13.87,60,Auto Loan,sixties
26,Male,Divorced,Master,Unemployed,0.65,"2,200",5,"2,604,000",14.0,48,Personal Loan,twenties
37,Female,Single,Master,Unemployed,0.71,"2,371",5,"1,680,000",3.85,24,Personal Loan,thirties
45,Female,Divorced,Bachelor,Unemployed,0.03,"1,800",5,"2,276,000",18.23,48,Auto Loan,forties
22,Male,Single,Bachelor,Unemployed,0.53,"2,857",8,"3,107,000",10.64,24,Home Loan,twenties
31,Female,Married,PhD,Employed,0.74,"2,628",9,"1,636,000",18.99,36,Home Loan,thirties
34,Female,Married,Master,Self-Employed,0.79,"1,200",6,"2,286,000",12.13,48,Personal Loan,thirties
23,Male,Single,Bachelor,Unemployed,0.12,"2,485",7,"4,545,000",6.67,12,Personal Loan,twenties
32,Female,Single,PhD,Employed,0.32,"2,600",3,"778,000",10.26,24,Auto Loan,thirties
23,Male,Single,Master,Employed,0.76,600,10,"1,429,000",10.3,12,Personal Loan,twenties
47,Female,Single,PhD,Self-Employed,0.38,114,9,"1,773,000",14.88,12,Auto Loan,forties
32,Male,Divorced,High School,Unemployed,0.73,800,6,"2,718,000",3.45,48,Home Loan,thirties
39,Male,Married,High School,Self-Employed,0.95,"1,657",9,"4,497,000",7.42,24,Auto Loan,thirties
42,Male,Married,PhD,Employed,0.23,"2,657",3,"1,872,000",14.95,60,Home Loan,forties
27,Female,Divorced,High School,Self-Employed,0.88,914,9,"508,000",12.28,12,Home Loan,twenties
61,Male,Married,High School,Self-Employed,0.44,428,9,"2,220,000",10.01,24,Personal Loan,sixties
63,Male,Single,PhD,Unemployed,0.1,"1,885",5,"1,251,000",8.96,12,Home Loan,sixties
59,Male,Single,High School,Employed,0.5,"2,200",4,"2,306,000",16.8,24,Auto Loan,fifties
46,Female,Married,High School,Unemployed,0.5,742,8,"2,873,000",5.46,12,Home Loan,forties
27,Female,Married,High School,Unemployed,0.08,"2,628",2,"2,247,000",13.24,48,Auto Loan,twenties
49,Male,Married,Bachelor,Employed,0.85,"1,314",6,"3,674,000",15.03,12,Personal Loan,forties
28,Male,Single,Master,Self-Employed,0.96,971,2,"3,226,000",16.48,24,Personal Loan,twenties
45,Female,Single,PhD,Unemployed,0.85,"1,514",3,"1,048,000",3.52,12,Personal Loan,forties
46,Female,Divorced,PhD,Employed,0.61,"2,828",6,"342,000",17.39,24,Auto Loan,forties
27,Female,Single,High School,Employed,0.26,"1,142",1,"4,502,000",15.58,60,Home Loan,twenties
34,Female,Divorced,High School,Self-Employed,0.66,885,8,"3,000,000",13.61,48,Personal Loan,thirties
59,Male,Married,Bachelor,Unemployed,0.85,"1,800",3,"728,000",15.28,36,Personal Loan,fifties
37,Male,Divorced,Bachelor,Unemployed,0.64,"1,457",4,"761,000",9.72,60,Auto Loan,thirties
51,Female,Single,High School,Self-Employed,0.75,57,2,"3,484,000",8.83,60,Home Loan,fifties
25,Female,Divorced,Bachelor,Unemployed,0.67,"1,228",6,"555,000",16.52,48,Auto Loan,twenties
59,Female,Divorced,Master,Unemployed,0.45,342,4,"118,000",7.49,36,Home Loan,fifties
43,Male,Married,Bachelor,Self-Employed,0.14,"2,600",7,"997,000",5.83,24,Personal Loan,forties
45,Male,Single,Bachelor,Unemployed,0.34,"2,742",7,"490,000",18.61,60,Personal Loan,forties
49,Male,Single,High School,Unemployed,0.74,"2,000",7,"4,151,000",18.56,24,Home Loan,forties
31,Male,Married,PhD,Unemployed,0.6,"1,171",9,"3,327,000",8.95,60,Home Loan,thirties
37,Female,Single,Master,Self-Employed,0.8,485,7,"4,397,000",6.68,60,Auto Loan,thirties
55,Male,Married,Bachelor,Unemployed,0.71,"2,485",6,"1,213,000",19.65,24,Home Loan,fifties
64,Female,Divorced,High School,Self-Employed,0.56,"2,114",10,"3,602,000",13.81,60,Auto Loan,sixties
20,Male,Married,PhD,Employed,0.05,200,4,"2,340,000",15.25,24,Auto Loan,twenties
36,Male,Married,Master,Employed,0.75,114,6,"3,897,000",2.95,60,Personal Loan,thirties
61,Female,Married,Master,Unemployed,0.66,"1,371",7,"3,594,000",19.18,36,Home Loan,sixties
20,Female,Married,PhD,Employed,0.91,"2,571",6,"4,685,000",15.03,24,Home Loan,twenties
38,Female,Married,High School,Employed,0.96,"2,685",9,"1,101,000",8.17,48,Auto Loan,thirties
36,Male,Married,Master,Employed,0.33,"2,571",3,"435,000",3.92,36,Home Loan,thirties
60,Female,Single,Master,Employed,0.78,"1,142",9,"1,945,000",19.18,60,Personal Loan,sixties
30,Female,Divorced,PhD,Employed,0.35,771,6,"2,877,000",7.86,24,Home Loan,thirties
50,Male,Married,Master,Self-Employed,0.24,"2,342",10,"2,145,000",19.22,36,Auto Loan,fifties
44,Female,Divorced,Master,Employed,0.91,"2,800",6,"4,414,000",16.25,48,Auto Loan,forties
38,Male,Single,High School,Employed,0.17,"2,800",9,"4,573,000",1.14,12,Personal Loan,thirties
60,Male,Divorced,PhD,Employed,0.21,"2,542",7,"705,000",15.19,24,Personal Loan,sixties
65,Female,Married,High School,Employed,0.05,914,9,"691,000",11.92,24,Auto Loan,sixties
44,Female,Divorced,PhD,Self-Employed,0.32,"1,400",2,"4,587,000",1.11,60,Personal Loan,forties
57,Male,Divorced,High School,Self-Employed,0.93,371,5,"2,628,000",12.52,36,Auto Loan,fifties
45,Male,Single,Bachelor,Unemployed,0.22,"2,714",7,"4,678,000",6.6,24,Auto Loan,forties
61,Female,Married,Bachelor,Employed,0.04,"2,085",10,"3,406,000",11.21,12,Auto Loan,sixties
42,Male,Single,Bachelor,Employed,0.18,"2,228",5,"1,730,000",3.18,60,Personal Loan,forties
49,Male,Single,High School,Self-Employed,0.1,"2,628",10,"4,187,000",19.08,36,Personal Loan,forties
61,Male,Married,Master,Unemployed,0.07,685,6,"4,176,000",9.56,60,Home Loan,sixties
64,Male,Divorced,Master,Self-Employed,0.96,600,1,"2,727,000",5.68,24,Home Loan,sixties
61,Female,Single,Master,Employed,0.68,"1,200",8,"3,983,000",9.46,36,Auto Loan,sixties
26,Male,Divorced,High School,Self-Employed,0.86,485,9,"1,748,000",6.0,12,Home Loan,twenties
21,Male,Divorced,PhD,Unemployed,0.21,114,9,"2,286,000",11.33,60,Auto Loan,twenties
29,Female,Single,Bachelor,Unemployed,0.73,"1,057",3,"3,998,000",10.52,12,Auto Loan,twenties
52,Male,Divorced,Bachelor,Unemployed,0.68,"2,742",9,"1,278,000",9.48,24,Home Loan,fifties
62,Male,Divorced,PhD,Self-Employed,0.04,"2,771",8,"2,044,000",2.19,36,Personal Loan,sixties
62,Male,Divorced,Master,Self-Employed,0.47,"1,657",1,"435,000",19.63,36,Personal Loan,sixties
53,Female,Divorced,Master,Unemployed,0.54,628,7,"3,275,000",7.94,12,Home Loan,fifties
44,Male,Divorced,PhD,Self-Employed,0.82,"1,257",8,"4,144,000",17.86,12,Home Loan,forties
48,Male,Married,High School,Unemployed,0.64,771,3,"1,668,000",3.99,60,Home Loan,forties
62,Male,Single,Master,Unemployed,0.11,"2,457",8,"4,118,000",5.0,24,Home Loan,sixties
21,Male,Married,Bachelor,Unemployed,0.59,485,9,"429,000",17.93,24,Personal Loan,twenties
36,Male,Divorced,PhD,Unemployed,0.97,"2,314",1,"2,478,000",19.0,24,Auto Loan,thirties
50,Female,Married,Bachelor,Self-Employed,0.6,"2,114",3,"4,385,000",6.03,36,Auto Loan,fifties
57,Male,Married,PhD,Self-Employed,0.13,57,4,"4,485,000",17.33,60,Home Loan,fifties
29,Male,Married,PhD,Unemployed,0.6,"2,857",9,"4,322,000",15.3,12,Auto Loan,twenties
28,Male,Divorced,PhD,Unemployed,0.42,142,9,"3,698,000",5.36,48,Auto Loan,twenties
57,Male,Single,Bachelor,Self-Employed,0.48,828,2,"2,476,000",12.37,60,Auto Loan,fifties
32,Male,Divorced,High School,Unemployed,0.52,"1,885",1,"3,246,000",13.44,36,Auto Loan,thirties
26,Male,Single,Master,Self-Employed,0.85,"1,542",10,"3,167,000",12.63,48,Personal Loan,twenties
55,Female,Married,Master,Unemployed,0.55,914,5,"4,946,000",7.54,48,Home Loan,fifties
62,Male,Divorced,Bachelor,Self-Employed,0.78,571,2,"1,899,000",10.66,36,Home Loan,sixties
64,Male,Married,PhD,Unemployed,0.01,314,3,"4,057,000",18.59,48,Personal Loan,sixties
36,Male,Single,High School,Unemployed,0.04,"1,400",7,"4,471,000",6.44,60,Personal Loan,thirties
60,Female,Single,High School,Employed,0.85,"1,885",5,"1,734,000",1.64,60,Home Loan,sixties
64,Male,Divorced,Bachelor,Unemployed,0.04,857,1,"1,421,000",2.65,36,Auto Loan,sixties
62,Female,Single,Bachelor,Unemployed,0.02,"2,571",2,"856,000",11.44,60,Home Loan,sixties
42,Female,Married,Bachelor,Self-Employed,0.93,"2,085",1,"2,290,000",4.33,60,Personal Loan,forties
24,Female,Single,High School,Unemployed,0.96,"1,942",10,"2,198,000",14.19,48,Home Loan,twenties
35,Female,Single,PhD,Unemployed,0.86,"1,742",2,"2,263,000",2.28,24,Home Loan,thirties
34,Female,Single,Master,Unemployed,0.54,"2,542",5,"2,183,000",6.46,48,Home Loan,thirties
41,Male,Divorced,Bachelor,Self-Employed,0.31,771,10,"2,357,000",4.47,24,Auto Loan,forties
32,Male,Divorced,Bachelor,Self-Employed,0.21,714,4,"3,087,000",3.96,12,Personal Loan,thirties
63,Female,Divorced,High School,Unemployed,0.96,"1,742",6,"2,746,000",10.35,60,Auto Loan,sixties
31,Female,Single,Bachelor,Unemployed,0.13,"1,914",7,"4,112,000",18.85,12,Home Loan,thirties
45,Male,Single,High School,Unemployed,0.52,"1,142",1,"199,000",13.81,48,Home Loan,forties
40,Female,Divorced,Master,Employed,0.55,857,5,"4,054,000",19.21,36,Auto Loan,forties
51,Female,Married,PhD,Unemployed,0.75,"1,314",7,"2,446,000",9.56,60,Personal Loan,fifties
63,Male,Married,Master,Employed,0.56,"1,371",4,"1,323,000",16.2,24,Auto Loan,sixties
31,Female,Single,Bachelor,Unemployed,0.52,"2,628",6,"4,182,000",6.7,60,Home Loan,thirties
45,Male,Divorced,Bachelor,Employed,0.22,914,8,"908,000",9.55,36,Auto Loan,forties
43,Female,Single,High School,Self-Employed,0.12,"2,457",10,"1,769,000",11.96,60,Personal Loan,forties
42,Female,Divorced,PhD,Unemployed,0.45,285,7,"2,504,000",9.81,24,Personal Loan,forties
41,Female,Divorced,PhD,Employed,0.08,"1,228",4,"2,730,000",7.02,36,Home Loan,forties
58,Female,Single,PhD,Self-Employed,0.75,"1,885",8,"3,573,000",4.18,12,Personal Loan,fifties
35,Female,Divorced,High School,Employed,0.17,371,2,"635,000",18.8,48,Home Loan,thirties
21,Female,Divorced,High School,Employed,0.26,542,2,"3,370,000",6.88,24,Home Loan,twenties
48,Male,Married,Bachelor,Employed,0.04,"1,285",6,"4,094,000",9.88,60,Auto Loan,forties
48,Male,Divorced,Bachelor,Unemployed,0.6,"2,285",10,"3,749,000",10.95,60,Auto Loan,forties
50,Male,Married,PhD,Self-Employed,0.37,942,3,"2,647,000",1.2,60,Personal Loan,fifties
38,Female,Divorced,High School,Unemployed,0.92,"2,742",8,"2,613,000",1.17,48,Auto Loan,thirties
34,Male,Divorced,Master,Employed,0.41,"2,028",7,"3,411,000",5.75,48,Auto Loan,thirties
36,Male,Single,Bachelor,Unemployed,0.76,"2,228",5,"2,488,000",13.32,60,Auto Loan,thirties
32,Male,Married,Bachelor,Self-Employed,0.11,"1,657",10,"3,898,000",6.17,60,Auto Loan,thirties
40,Male,Married,High School,Unemployed,0.02,371,5,"2,358,000",3.38,48,Home Loan,forties
34,Male,Married,High School,Self-Employed,0.22,"1,514",5,"4,281,000",19.96,48,Home Loan,thirties
41,Male,Married,High School,Self-Employed,0.78,257,9,"4,044,000",4.45,36,Auto Loan,forties
27,Male,Single,PhD,Employed,0.74,114,4,"3,966,000",14.97,12,Home Loan,twenties
33,Female,Single,Master,Self-Employed,0.16,"2,657",1,"4,710,000",10.9,36,Auto Loan,thirties
39,Male,Single,High School,Unemployed,0.22,400,4,"3,742,000",7.17,24,Auto Loan,thirties
27,Female,Married,High School,Employed,0.58,"2,514",8,"1,400,000",8.06,12,Personal Loan,twenties
51,Male,Divorced,Master,Unemployed,0.06,"1,285",3,"4,599,000",16.04,24,Auto Loan,fifties
40,Female,Single,Bachelor,Employed,0.69,"1,285",3,"2,203,000",18.07,48,Home Loan,forties
55,Female,Divorced,PhD,Employed,0.57,"1,971",6,"2,815,000",14.92,36,Home Loan,fifties
30,Male,Divorced,Bachelor,Self-Employed,0.3,942,9,"3,180,000",9.63,60,Auto Loan,thirties
31,Male,Divorced,Master,Unemployed,0.24,"2,628",2,"4,621,000",16.56,24,Home Loan,thirties
51,Male,Divorced,Master,Self-Employed,0.41,"1,171",2,"907,000",10.94,12,Personal Loan,fifties
31,Male,Married,High School,Self-Employed,0.19,114,10,"3,360,000",13.5,60,Home Loan,thirties
57,Female,Married,Master,Employed,0.61,257,1,"1,851,000",13.46,12,Auto Loan,fifties
23,Female,Divorced,PhD,Self-Employed,0.79,200,10,"2,330,000",11.05,12,Auto Loan,twenties
33,Male,Married,Bachelor,Unemployed,0.39,685,9,"2,187,000",11.83,24,Home Loan,thirties
55,Female,Divorced,High School,Unemployed,0.58,"2,457",8,"3,683,000",17.77,24,Personal Loan,fifties
45,Female,Divorced,Bachelor,Unemployed,1.0,"1,600",6,"2,744,000",11.45,36,Auto Loan,forties
60,Female,Divorced,Master,Unemployed,0.24,"1,971",4,"3,246,000",15.55,36,Auto Loan,sixties
48,Female,Married,High School,Self-Employed,0.6,"1,885",3,"2,632,000",1.12,24,Personal Loan,forties
21,Female,Divorced,Bachelor,Employed,0.04,"1,285",3,"1,261,000",6.03,60,Personal Loan,twenties
36,Female,Married,PhD,Unemployed,0.92,"2,657",2,"2,824,000",16.07,24,Auto Loan,thirties
64,Male,Divorced,Master,Employed,0.73,"2,085",7,"758,000",15.82,36,Auto Loan,sixties
46,Male,Married,High School,Unemployed,0.78,"1,371",1,"2,657,000",10.96,36,Home Loan,forties
29,Female,Divorced,Bachelor,Employed,0.05,"2,657",7,"3,838,000",15.3,60,Home Loan,twenties
34,Female,Single,PhD,Employed,0.13,285,8,"4,894,000",15.16,60,Auto Loan,thirties
25,Female,Divorced,PhD,Unemployed,0.13,485,8,"4,792,000",4.76,48,Home Loan,twenties
32,Male,Married,High School,Self-Employed,0.78,"1,171",10,"852,000",3.14,48,Auto Loan,thirties
42,Male,Single,Master,Unemployed,0.66,"2,800",5,"1,520,000",19.77,60,Auto Loan,forties
29,Female,Married,Bachelor,Employed,0.69,542,2,"1,043,000",15.05,24,Home Loan,twenties
38,Male,Single,High School,Self-Employed,0.45,57,6,"1,853,000",15.06,24,Personal Loan,thirties
53,Female,Divorced,PhD,Unemployed,0.73,514,1,"3,259,000",12.08,60,Personal Loan,fifties
30,Male,Single,Bachelor,Unemployed,0.62,171,8,"170,000",2.27,36,Home Loan,thirties
43,Male,Married,Master,Unemployed,0.39,"1,371",9,"936,000",18.17,48,Home Loan,forties
25,Male,Married,PhD,Unemployed,0.93,57,1,"2,175,000",18.52,36,Auto Loan,twenties
45,Male,Married,Master,Unemployed,0.35,"2,285",5,"2,081,000",19.92,60,Auto Loan,forties
60,Female,Single,High School,Unemployed,0.95,800,3,"2,967,000",18.05,24,Personal Loan,sixties
44,Male,Single,Bachelor,Unemployed,0.15,"1,114",10,"2,862,000",9.53,24,Personal Loan,forties
28,Male,Married,Master,Unemployed,0.71,"1,914",3,"3,708,000",19.92,24,Home Loan,twenties
30,Female,Married,High School,Employed,0.32,514,1,"2,773,000",17.72,48,Auto Loan,thirties
48,Female,Married,Bachelor,Employed,0.13,85,10,"2,339,000",12.51,60,Personal Loan,forties
34,Male,Divorced,High School,Self-Employed,0.08,"2,828",8,"1,225,000",10.54,60,Auto Loan,thirties
61,Female,Married,PhD,Self-Employed,0.47,571,4,"1,998,000",1.61,12,Auto Loan,sixties
34,Male,Married,High School,Employed,0.93,"1,600",10,"4,210,000",14.07,48,Personal Loan,thirties
45,Male,Divorced,PhD,Unemployed,0.31,"2,228",10,"4,598,000",10.98,12,Home Loan,forties
48,Female,Married,Bachelor,Unemployed,0.54,"2,685",1,"4,778,000",8.36,12,Personal Loan,forties
48,Female,Single,Master,Self-Employed,0.17,"1,057",10,"558,000",14.11,24,Auto Loan,forties
48,Male,Divorced,High School,Employed,0.78,"2,542",9,"1,235,000",8.47,36,Auto Loan,forties
31,Female,Divorced,Bachelor,Self-Employed,0.09,"1,171",3,"1,136,000",2.73,48,Home Loan,thirties
25,Female,Divorced,Bachelor,Self-Employed,0.55,142,3,"2,912,000",11.74,24,Personal Loan,twenties
31,Male,Single,Master,Self-Employed,0.73,"1,628",5,"1,616,000",3.23,24,Personal Loan,thirties
59,Female,Married,PhD,Self-Employed,0.86,"1,971",1,"4,239,000",5.52,60,Home Loan,fifties
49,Female,Single,High School,Unemployed,0.6,885,9,"2,433,000",12.78,60,Personal Loan,forties
31,Male,Married,Master,Employed,0.15,114,10,"2,604,000",7.29,12,Personal Loan,thirties
46,Male,Married,Master,Unemployed,0.66,"2,542",10,"4,901,000",15.96,24,Auto Loan,forties
57,Female,Married,High School,Self-Employed,0.32,"1,371",2,"3,685,000",17.02,12,Auto Loan,fifties
28,Male,Divorced,Master,Self-Employed,0.53,"1,914",4,"1,854,000",12.63,12,Home Loan,twenties
60,Male,Single,Master,Self-Employed,0.61,"1,142",5,"4,507,000",11.93,60,Auto Loan,sixties
59,Female,Divorced,PhD,Self-Employed,0.81,"2,228",4,"2,537,000",19.61,12,Personal Loan,fifties
49,Male,Divorced,Bachelor,Unemployed,1.0,"1,485",1,"2,900,000",7.64,24,Personal Loan,forties
32,Female,Single,High School,Self-Employed,0.3,"2,000",6,"151,000",3.16,36,Auto Loan,thirties
56,Male,Married,Bachelor,Self-Employed,0.83,"2,457",8,"4,080,000",16.15,24,Auto Loan,fifties
60,Female,Divorced,Master,Self-Employed,0.78,"1,485",1,"4,471,000",6.69,36,Home Loan,sixties
21,Male,Divorced,Master,Self-Employed,0.07,542,5,"361,000",7.44,48,Home Loan,twenties
30,Female,Married,High School,Self-Employed,0.71,"1,142",1,"2,377,000",8.86,48,Personal Loan,thirties
48,Female,Married,Master,Employed,0.11,"2,857",1,"1,795,000",18.35,48,Home Loan,forties
50,Male,Married,Master,Self-Employed,0.73,"1,914",5,"2,846,000",3.72,12,Home Loan,fifties
28,Male,Divorced,High School,Self-Employed,0.39,"1,885",2,"134,000",6.91,12,Home Loan,twenties
25,Female,Single,High School,Employed,0.52,"2,400",5,"289,000",11.97,36,Home Loan,twenties
40,Male,Married,Master,Self-Employed,0.53,"2,800",8,"1,087,000",6.18,24,Auto Loan,forties
20,Male,Married,Master,Unemployed,0.32,514,5,"4,916,000",5.65,12,Auto Loan,twenties
41,Female,Married,Bachelor,Employed,0.47,"2,457",1,"989,000",8.29,12,Auto Loan,forties
31,Female,Divorced,Master,Self-Employed,0.33,714,9,"759,000",19.5,48,Home Loan,thirties
25,Female,Married,PhD,Self-Employed,0.68,"2,571",8,"4,047,000",5.4,24,Personal Loan,twenties
36,Female,Single,Bachelor,Unemployed,0.92,"1,200",6,"3,902,000",10.26,12,Auto Loan,thirties
42,Female,Single,Bachelor,Self-Employed,0.77,"2,200",10,"1,169,000",10.65,48,Home Loan,forties
40,Male,Single,PhD,Self-Employed,0.59,857,10,"2,144,000",11.41,48,Auto Loan,forties
41,Male,Divorced,PhD,Self-Employed,0.57,"1,228",9,"2,081,000",4.29,12,Home Loan,forties
56,Female,Married,PhD,Self-Employed,0.56,"1,600",3,"2,684,000",19.16,12,Home Loan,fifties
63,Female,Single,PhD,Unemployed,0.66,314,4,"1,265,000",17.86,12,Personal Loan,sixties
29,Female,Divorced,Master,Self-Employed,0.62,"1,628",4,"1,825,000",13.95,36,Auto Loan,twenties
63,Female,Single,Master,Employed,0.58,"2,228",9,"3,491,000",17.11,36,Personal Loan,sixties
55,Male,Married,Master,Employed,0.86,85,4,"3,721,000",14.34,48,Home Loan,fifties
65,Female,Single,PhD,Self-Employed,0.55,"2,400",3,"4,084,000",3.64,60,Auto Loan,sixties
46,Male,Single,Bachelor,Employed,0.01,"2,342",1,"1,308,000",14.71,48,Home Loan,forties
28,Male,Married,PhD,Self-Employed,0.89,"2,542",10,"3,671,000",12.84,48,Home Loan,twenties
55,Female,Single,Master,Employed,0.19,"2,200",1,"4,948,000",10.46,24,Home Loan,fifties
37,Female,Divorced,Master,Employed,0.98,"2,057",8,"3,192,000",3.15,48,Home Loan,thirties
29,Female,Single,High School,Unemployed,0.89,314,4,"4,063,000",12.98,12,Home Loan,twenties
54,Female,Divorced,High School,Self-Employed,0.54,28,8,"3,909,000",10.74,48,Home Loan,fifties
41,Female,Single,Master,Self-Employed,0.17,"2,514",10,"2,651,000",14.81,60,Auto Loan,forties
60,Female,Divorced,Bachelor,Unemployed,0.05,"1,057",10,"329,000",6.45,12,Personal Loan,sixties
24,Female,Single,Bachelor,Unemployed,0.28,914,1,"1,036,000",12.47,60,Home Loan,twenties
62,Female,Single,Bachelor,Self-Employed,0.78,857,8,"1,617,000",16.19,12,Auto Loan,sixties
29,Male,Single,PhD,Self-Employed,0.24,"1,600",3,"1,869,000",11.98,36,Personal Loan,twenties
36,Male,Married,Bachelor,Self-Employed,0.4,"1,085",8,"4,567,000",5.44,48,Auto Loan,thirties
29,Female,Married,Master,Self-Employed,0.38,"1,142",9,"444,000",2.85,60,Home Loan,twenties
47,Female,Single,Master,Self-Employed,0.8,914,10,"3,381,000",9.76,24,Home Loan,forties
57,Male,Divorced,Master,Unemployed,0.69,657,6,"4,694,000",1.2,12,Personal Loan,fifties
46,Male,Divorced,High School,Unemployed,0.45,800,5,"2,213,000",4.67,12,Home Loan,forties
23,Male,Divorced,High School,Unemployed,0.96,314,10,"1,190,000",8.14,60,Personal Loan,twenties
64,Male,Single,Master,Self-Employed,0.66,257,8,"2,418,000",15.62,36,Auto Loan,sixties
24,Female,Married,PhD,Self-Employed,0.33,200,5,"2,320,000",4.38,12,Auto Loan,twenties
59,Female,Married,PhD,Employed,0.14,"2,800",7,"1,932,000",12.67,12,Auto Loan,fifties
36,Male,Married,High School,Employed,0.57,914,8,"257,000",18.03,24,Home Loan,thirties
20,Male,Divorced,PhD,Self-Employed,0.15,"1,200",7,"4,920,000",1.07,48,Auto Loan,twenties
45,Male,Divorced,Bachelor,Employed,0.38,"2,514",8,"1,117,000",11.78,36,Auto Loan,forties
39,Female,Married,High School,Self-Employed,0.53,"1,228",2,"3,956,000",15.45,36,Home Loan,thirties
31,Male,Single,Bachelor,Self-Employed,0.7,371,6,"4,181,000",2.61,48,Home Loan,thirties
28,Male,Married,High School,Unemployed,1.0,857,8,"3,361,000",2.2,60,Home Loan,twenties
51,Female,Married,High School,Self-Employed,0.06,"2,857",1,"3,502,000",3.25,60,Auto Loan,fifties
54,Male,Divorced,Bachelor,Employed,0.04,514,8,"260,000",9.95,60,Personal Loan,fifties
64,Male,Married,Bachelor,Unemployed,0.05,"1,114",2,"3,927,000",12.61,60,Personal Loan,sixties
27,Female,Divorced,Bachelor,Employed,0.8,"1,542",6,"3,472,000",7.16,60,Home Loan,twenties
40,Male,Married,Bachelor,Self-Employed,0.06,"1,000",3,"3,583,000",4.19,36,Home Loan,forties
48,Male,Divorced,High School,Employed,0.1,"2,285",10,"3,255,000",15.78,12,Auto Loan,forties
20,Male,Married,High School,Unemployed,0.65,"1,028",7,"4,093,000",14.15,24,Personal Loan,twenties
37,Female,Single,Bachelor,Employed,0.61,114,10,"1,610,000",14.63,60,Personal Loan,thirties
39,Female,Single,High School,Unemployed,0.24,428,9,"903,000",12.76,60,Home Loan,thirties
49,Male,Single,High School,Employed,0.11,542,8,"4,273,000",4.35,12,Personal Loan,forties
43,Female,Married,PhD,Self-Employed,0.33,"2,771",8,"463,000",2.98,12,Home Loan,forties
30,Male,Single,High School,Employed,0.9,"2,628",8,"4,963,000",7.19,24,Home Loan,thirties
40,Male,Married,Master,Employed,0.1,"2,685",7,"1,777,000",8.14,24,Personal Loan,forties
57,Female,Married,PhD,Employed,0.22,"2,228",8,"1,594,000",8.36,24,Auto Loan,fifties
32,Female,Single,Bachelor,Self-Employed,0.13,"2,514",10,"600,000",6.33,12,Auto Loan,thirties
46,Male,Single,Bachelor,Self-Employed,0.6,"2,314",10,"1,526,000",11.98,60,Personal Loan,forties
46,Female,Married,PhD,Self-Employed,0.28,"2,657",7,"2,169,000",5.71,48,Home Loan,forties
57,Male,Divorced,High School,Self-Employed,0.98,142,8,"4,330,000",1.64,60,Auto Loan,fifties
64,Male,Single,PhD,Employed,0.08,"2,742",1,"3,511,000",19.05,24,Auto Loan,sixties
35,Male,Married,PhD,Unemployed,0.3,"2,571",8,"4,885,000",15.2,12,Auto Loan,thirties
28,Female,Married,Master,Unemployed,0.46,"2,314",1,"693,000",8.31,36,Home Loan,twenties
38,Female,Single,Bachelor,Unemployed,0.08,"1,200",1,"4,418,000",18.96,36,Personal Loan,thirties
44,Female,Single,High School,Self-Employed,0.37,"2,342",9,"662,000",11.65,24,Personal Loan,forties
35,Male,Divorced,PhD,Unemployed,0.94,"2,114",4,"1,991,000",7.09,36,Home Loan,thirties
47,Female,Married,High School,Self-Employed,0.35,"1,771",9,"4,518,000",16.76,48,Home Loan,forties
63,Female,Single,Master,Unemployed,0.95,228,4,"3,941,000",2.66,48,Personal Loan,sixties
24,Male,Married,Master,Employed,0.7,"1,800",3,"1,813,000",10.89,12,Auto Loan,twenties
63,Male,Single,Master,Self-Employed,0.44,"2,342",1,"2,545,000",4.59,12,Personal Loan,sixties
61,Female,Single,Master,Unemployed,0.65,"1,171",8,"4,547,000",17.0,48,Auto Loan,sixties
56,Male,Single,Bachelor,Self-Employed,0.23,"1,342",5,"497,000",3.82,36,Auto Loan,fifties
59,Male,Divorced,Master,Employed,0.97,"2,571",3,"1,453,000",5.52,12,Auto Loan,fifties
28,Female,Single,Master,Employed,0.21,"2,571",1,"2,759,000",19.58,24,Auto Loan,twenties
54,Male,Divorced,Master,Employed,0.92,"1,457",8,"1,320,000",19.01,36,Personal Loan,fifties
54,Female,Divorced,Master,Self-Employed,0.9,"2,742",10,"1,334,000",16.19,48,Auto Loan,fifties
27,Female,Married,Bachelor,Unemployed,0.55,"1,114",1,"3,469,000",12.73,24,Auto Loan,twenties
25,Female,Married,Bachelor,Unemployed,0.53,"2,857",5,"1,742,000",1.43,60,Auto Loan,twenties
62,Male,Divorced,PhD,Employed,0.49,"2,200",10,"4,391,000",18.92,36,Auto Loan,sixties
65,Female,Single,PhD,Self-Employed,0.01,"1,257",6,"2,684,000",19.57,60,Personal Loan,sixties
48,Female,Single,Master,Employed,0.81,"1,542",7,"1,271,000",16.87,60,Personal Loan,forties
33,Female,Single,Master,Employed,0.93,"2,142",7,"842,000",1.13,36,Auto Loan,thirties
55,Female,Divorced,Bachelor,Employed,0.19,"1,371",5,"4,746,000",10.32,36,Home Loan,fifties
51,Female,Married,High School,Employed,0.15,"1,085",8,"1,142,000",13.42,36,Auto Loan,fifties
51,Male,Married,High School,Self-Employed,0.49,228,10,"3,135,000",12.04,60,Auto Loan,fifties
60,Female,Divorced,High School,Self-Employed,0.51,"2,085",1,"2,277,000",4.09,12,Personal Loan,sixties
49,Male,Single,Bachelor,Employed,0.27,"1,514",6,"509,000",6.51,60,Home Loan,forties
52,Male,Divorced,Bachelor,Employed,0.6,600,9,"2,806,000",17.58,36,Auto Loan,fifties
64,Female,Married,Master,Employed,0.01,"1,885",5,"3,229,000",15.8,48,Auto Loan,sixties
26,Male,Married,Bachelor,Employed,0.8,"2,028",10,"4,509,000",17.08,60,Home Loan,twenties
46,Female,Married,High School,Employed,0.92,"1,742",6,"2,714,000",14.13,24,Auto Loan,forties
53,Female,Married,Master,Employed,0.74,428,4,"1,180,000",17.28,24,Home Loan,fifties
39,Male,Married,Bachelor,Employed,0.42,"2,771",2,"752,000",1.36,48,Auto Loan,thirties
32,Male,Married,High School,Self-Employed,0.12,914,1,"656,000",6.73,12,Personal Loan,thirties
58,Male,Divorced,Bachelor,Employed,0.67,85,2,"1,321,000",17.07,36,Home Loan,fifties
42,Male,Divorced,Bachelor,Unemployed,0.57,342,10,"217,000",11.05,24,Auto Loan,forties
54,Male,Divorced,High School,Employed,0.92,"2,571",8,"3,174,000",14.26,24,Auto Loan,fifties
26,Male,Single,PhD,Self-Employed,0.21,828,7,"1,047,000",15.47,36,Personal Loan,twenties
27,Male,Single,Master,Unemployed,0.29,"2,628",1,"790,000",7.23,12,Auto Loan,twenties
49,Female,Divorced,PhD,Employed,0.55,"1,057",7,"1,684,000",17.28,48,Home Loan,forties
31,Male,Divorced,PhD,Unemployed,0.11,"1,600",9,"813,000",3.27,48,Auto Loan,thirties
57,Male,Divorced,Bachelor,Employed,0.36,714,6,"1,780,000",12.3,48,Personal Loan,fifties
47,Female,Single,Master,Unemployed,0.94,"1,285",8,"3,493,000",19.76,60,Auto Loan,forties
49,Male,Married,Master,Self-Employed,0.5,"2,285",3,"349,000",2.89,12,Personal Loan,forties
63,Male,Married,PhD,Unemployed,0.68,542,5,"908,000",15.44,60,Auto Loan,sixties
32,Female,Divorced,PhD,Self-Employed,0.5,"1,971",6,"4,634,000",11.39,12,Auto Loan,thirties
44,Female,Single,PhD,Self-Employed,0.46,114,3,"4,770,000",13.53,36,Home Loan,forties
51,Female,Married,Master,Unemployed,0.39,"2,771",2,"4,872,000",13.83,60,Home Loan,fifties
56,Female,Single,Bachelor,Unemployed,0.06,942,8,"3,269,000",12.72,36,Auto Loan,fifties
23,Male,Divorced,High School,Employed,0.84,"1,257",10,"326,000",15.54,36,Auto Loan,twenties
47,Female,Single,PhD,Self-Employed,0.06,885,4,"2,068,000",13.31,60,Personal Loan,forties
24,Female,Married,Master,Employed,0.02,"1,171",1,"3,966,000",13.5,48,Home Loan,twenties
46,Female,Married,PhD,Unemployed,0.02,"1,142",7,"4,884,000",8.42,60,Personal Loan,forties
26,Male,Single,PhD,Unemployed,0.81,"2,428",6,"1,498,000",12.68,36,Auto Loan,twenties
51,Male,Divorced,Bachelor,Self-Employed,0.27,"1,085",10,"3,472,000",16.29,60,Home Loan,fifties
65,Male,Divorced,Master,Self-Employed,0.07,"1,914",8,"3,683,000",4.99,12,Home Loan,sixties
52,Female,Single,Master,Employed,0.41,914,10,"4,423,000",9.61,60,Personal Loan,fifties
60,Male,Divorced,PhD,Employed,0.66,"2,714",8,"2,348,000",18.81,60,Home Loan,sixties
56,Male,Divorced,Bachelor,Self-Employed,0.46,857,3,"2,619,000",17.04,48,Auto Loan,fifties
60,Male,Single,Master,Self-Employed,0.65,914,10,"2,081,000",8.71,12,Personal Loan,sixties
21,Male,Single,PhD,Self-Employed,0.56,"1,571",7,"410,000",4.84,36,Personal Loan,twenties
36,Female,Divorced,Bachelor,Unemployed,0.85,"2,628",8,"267,000",2.05,12,Auto Loan,thirties
39,Male,Single,Master,Unemployed,0.66,314,7,"1,279,000",5.48,60,Home Loan,thirties
27,Female,Single,High School,Employed,0.6,"2,800",6,"2,862,000",16.81,48,Home Loan,twenties
35,Female,Married,Bachelor,Employed,0.18,"1,000",8,"3,526,000",5.83,60,Personal Loan,thirties
54,Female,Divorced,High School,Self-Employed,0.55,"1,714",4,"2,430,000",17.71,24,Auto Loan,fifties
65,Female,Single,High School,Unemployed,0.97,"2,200",1,"559,000",14.12,24,Auto Loan,sixties
44,Female,Divorced,Master,Unemployed,0.12,857,8,"3,359,000",1.15,48,Auto Loan,forties
25,Male,Single,Bachelor,Employed,0.92,"2,285",6,"3,508,000",16.0,36,Personal Loan,twenties
50,Female,Single,PhD,Employed,0.82,"2,542",5,"4,347,000",2.26,48,Home Loan,fifties
55,Female,Single,High School,Employed,0.64,657,8,"1,242,000",1.06,24,Home Loan,fifties
40,Male,Married,Bachelor,Employed,0.52,"2,800",3,"3,542,000",16.06,36,Auto Loan,forties
28,Female,Married,Master,Self-Employed,0.2,"1,514",6,"1,626,000",8.48,48,Home Loan,twenties
21,Male,Divorced,Bachelor,Employed,0.97,714,5,"1,516,000",1.95,60,Auto Loan,twenties
36,Male,Married,Master,Employed,0.95,428,1,"4,511,000",9.27,48,Home Loan,thirties
27,Male,Divorced,Bachelor,Employed,0.95,"2,857",5,"2,516,000",15.18,48,Personal Loan,twenties
33,Male,Single,Bachelor,Self-Employed,0.18,514,1,"2,534,000",19.55,24,Home Loan,thirties
35,Female,Divorced,PhD,Employed,0.01,485,6,"3,435,000",14.05,48,Home Loan,thirties
58,Female,Married,High School,Unemployed,0.06,"1,200",4,"4,050,000",18.26,60,Home Loan,fifties
65,Male,Married,Master,Unemployed,0.62,"1,085",7,"3,211,000",3.51,60,Personal Loan,sixties
31,Female,Married,PhD,Self-Employed,0.88,457,2,"2,762,000",14.49,48,Personal Loan,thirties
27,Female,Married,Bachelor,Self-Employed,0.87,"1,000",6,"3,708,000",6.38,36,Home Loan,twenties
53,Female,Single,Bachelor,Self-Employed,0.74,"1,771",3,"4,761,000",17.21,48,Personal Loan,fifties
29,Male,Married,Bachelor,Employed,0.47,571,8,"3,761,000",3.2,48,Personal Loan,twenties
42,Female,Single,PhD,Employed,0.85,514,2,"3,033,000",2.78,36,Personal Loan,forties
52,Female,Divorced,Bachelor,Unemployed,1.0,0,9,"4,888,000",4.43,12,Personal Loan,fifties
63,Male,Single,High School,Self-Employed,0.68,"2,485",2,"3,407,000",8.1,12,Auto Loan,sixties
21,Male,Single,PhD,Self-Employed,0.63,971,10,"149,000",7.26,12,Home Loan,twenties
48,Female,Divorced,Bachelor,Employed,0.86,"2,342",5,"2,811,000",16.16,12,Home Loan,forties
44,Male,Single,Master,Employed,0.24,"2,800",7,"848,000",1.39,24,Personal Loan,forties
45,Female,Divorced,Bachelor,Employed,0.3,"1,571",5,"1,201,000",7.82,12,Auto Loan,forties
32,Female,Single,PhD,Self-Employed,0.27,"2,171",7,"857,000",15.37,36,Home Loan,thirties
47,Female,Married,High School,Unemployed,0.34,"1,685",4,"1,401,000",18.68,60,Home Loan,forties
53,Male,Single,PhD,Self-Employed,0.08,"1,742",5,"1,347,000",19.7,36,Personal Loan,fifties
47,Female,Divorced,High School,Unemployed,0.08,142,9,"1,003,000",10.7,48,Personal Loan,forties
62,Female,Single,Master,Unemployed,0.08,"1,828",1,"1,056,000",15.07,48,Personal Loan,sixties
45,Male,Married,PhD,Unemployed,0.3,"2,142",8,"3,874,000",12.85,36,Auto Loan,forties
33,Male,Married,Master,Unemployed,0.11,"1,942",1,"149,000",8.5,12,Personal Loan,thirties
50,Female,Divorced,PhD,Unemployed,0.97,"2,200",8,"2,640,000",12.75,60,Auto Loan,fifties
63,Female,Single,High School,Employed,0.14,685,2,"233,000",14.22,24,Personal Loan,sixties
50,Male,Divorced,Bachelor,Self-Employed,0.84,"1,942",4,"822,000",6.72,48,Personal Loan,fifties
47,Male,Married,Bachelor,Employed,0.74,"1,600",8,"4,055,000",1.37,48,Home Loan,forties
32,Female,Divorced,PhD,Employed,0.33,371,7,"3,587,000",17.12,60,Home Loan,thirties
55,Female,Married,PhD,Self-Employed,0.49,"2,142",10,"4,193,000",5.41,12,Home Loan,fifties
47,Female,Divorced,High School,Self-Employed,0.89,"1,514",8,"1,081,000",10.4,36,Auto Loan,forties
47,Male,Married,Master,Unemployed,0.19,"1,257",8,"2,047,000",10.65,60,Home Loan,forties
58,Female,Married,Master,Unemployed,0.71,"1,514",6,"4,062,000",16.2,24,Home Loan,fifties
38,Male,Divorced,PhD,Employed,0.17,571,10,"4,229,000",2.92,48,Auto Loan,thirties
35,Male,Divorced,High School,Employed,0.36,942,6,"1,430,000",4.32,60,Personal Loan,thirties
41,Female,Married,Bachelor,Employed,0.56,"1,771",5,"2,955,000",15.91,12,Home Loan,forties
29,Male,Divorced,High School,Self-Employed,0.8,"2,742",2,"988,000",15.85,60,Personal Loan,twenties
22,Male,Married,High School,Employed,0.91,571,5,"3,804,000",15.48,48,Home Loan,twenties
29,Female,Single,Bachelor,Employed,0.85,"1,600",7,"155,000",5.66,48,Auto Loan,twenties
52,Male,Married,Master,Self-Employed,0.72,"1,514",6,"2,159,000",3.88,60,Auto Loan,fifties
28,Female,Single,PhD,Self-Employed,0.95,"1,885",6,"350,000",9.41,12,Home Loan,twenties
24,Male,Single,Master,Self-Employed,0.98,600,7,"616,000",8.47,12,Home Loan,twenties
29,Male,Divorced,Master,Self-Employed,0.4,"2,485",9,"2,653,000",14.71,36,Auto Loan,twenties
37,Male,Divorced,PhD,Self-Employed,0.64,"1,971",10,"3,809,000",14.25,48,Personal Loan,thirties
25,Male,Divorced,Master,Self-Employed,0.73,"2,685",3,"4,466,000",19.85,36,Personal Loan,twenties
52,Female,Divorced,Master,Unemployed,0.16,85,9,"2,270,000",5.59,36,Home Loan,fifties
52,Male,Divorced,High School,Self-Employed,0.26,"1,828",6,"1,139,000",1.91,12,Auto Loan,fifties
56,Male,Single,Master,Employed,0.81,"2,114",10,"4,574,000",17.05,24,Auto Loan,fifties
38,Male,Divorced,PhD,Unemployed,0.74,371,6,"4,432,000",12.07,36,Auto Loan,thirties
29,Female,Single,High School,Employed,0.06,457,8,"1,902,000",9.48,36,Home Loan,twenties
45,Female,Single,PhD,Unemployed,0.42,"1,600",8,"3,597,000",16.65,24,Home Loan,forties
51,Female,Married,High School,Unemployed,0.21,"1,714",1,"1,416,000",18.94,36,Personal Loan,fifties
46,Male,Married,Master,Unemployed,0.29,"1,885",3,"1,088,000",8.06,36,Auto Loan,forties
51,Male,Married,Bachelor,Unemployed,0.42,"1,114",5,"1,908,000",4.48,48,Personal Loan,fifties
55,Female,Married,High School,Self-Employed,0.48,"1,114",10,"3,895,000",18.11,48,Auto Loan,fifties
58,Male,Married,PhD,Self-Employed,0.67,542,6,"849,000",16.2,60,Auto Loan,fifties
34,Female,Single,High School,Unemployed,0.89,"2,685",5,"843,000",17.45,12,Home Loan,thirties
65,Female,Divorced,High School,Unemployed,0.56,685,10,"4,645,000",11.96,12,Home Loan,sixties
32,Female,Divorced,High School,Employed,0.66,"1,942",3,"259,000",6.22,24,Personal Loan,thirties
57,Female,Married,Master,Self-Employed,0.59,"1,771",1,"2,952,000",9.3,48,Personal Loan,fifties
40,Female,Single,High School,Employed,0.98,"1,971",3,"2,494,000",3.74,36,Personal Loan,forties
39,Female,Divorced,Bachelor,Employed,0.61,"1,171",3,"328,000",14.55,36,Auto Loan,thirties
40,Male,Single,Master,Self-Employed,0.38,428,1,"1,799,000",5.55,60,Home Loan,forties
51,Female,Married,Master,Employed,0.32,"2,000",7,"649,000",10.2,48,Home Loan,fifties
21,Female,Divorced,High School,Employed,0.76,"2,371",3,"2,655,000",11.8,48,Personal Loan,twenties
52,Male,Married,Master,Unemployed,0.99,"2,857",4,"4,609,000",19.1,60,Auto Loan,fifties
20,Female,Divorced,Master,Unemployed,0.97,0,1,"4,145,000",6.19,36,Home Loan,twenties
42,Male,Divorced,Master,Employed,0.16,"1,942",10,"687,000",6.71,48,Home Loan,forties
28,Female,Single,Bachelor,Unemployed,0.5,"1,142",6,"2,292,000",19.61,48,Auto Loan,twenties
62,Female,Single,Bachelor,Self-Employed,0.96,"1,200",1,"1,222,000",13.28,12,Home Loan,sixties
20,Male,Divorced,Bachelor,Self-Employed,0.56,"2,542",8,"3,395,000",11.22,12,Home Loan,twenties
62,Female,Divorced,High School,Self-Employed,0.97,"1,371",10,"3,103,000",8.35,12,Personal Loan,sixties
43,Male,Single,High School,Employed,0.74,"2,771",5,"3,102,000",4.64,60,Home Loan,forties
65,Male,Married,PhD,Self-Employed,0.04,"1,800",10,"1,854,000",1.14,48,Personal Loan,sixties
56,Female,Married,Bachelor,Unemployed,0.74,"2,457",10,"4,841,000",4.34,60,Personal Loan,fifties
24,Male,Single,Bachelor,Unemployed,0.73,"1,000",4,"294,000",19.85,60,Home Loan,twenties
63,Female,Married,PhD,Unemployed,0.67,"2,371",1,"2,810,000",9.22,48,Auto Loan,sixties
63,Female,Single,Master,Unemployed,0.76,"2,628",4,"494,000",6.28,48,Home Loan,sixties
40,Male,Single,Bachelor,Self-Employed,0.08,"2,085",1,"1,993,000",19.58,48,Personal Loan,forties
32,Male,Single,Master,Employed,0.63,342,1,"4,126,000",9.21,12,Home Loan,thirties
41,Female,Married,High School,Self-Employed,0.24,"1,228",1,"2,898,000",10.87,24,Personal Loan,forties
59,Female,Married,PhD,Unemployed,0.12,200,1,"3,266,000",6.95,12,Personal Loan,fifties
48,Male,Single,PhD,Employed,0.1,200,9,"538,000",6.6,48,Auto Loan,forties
59,Female,Married,High School,Self-Employed,0.38,"1,542",10,"950,000",7.45,12,Auto Loan,fifties
41,Male,Married,High School,Employed,0.6,228,10,"1,724,000",18.18,24,Home Loan,forties
36,Female,Single,PhD,Unemployed,0.62,657,4,"1,255,000",16.14,12,Personal Loan,thirties
57,Female,Divorced,Master,Self-Employed,0.58,"1,971",3,"1,337,000",9.92,60,Auto Loan,fifties
43,Male,Divorced,Bachelor,Employed,0.24,"2,028",1,"3,641,000",7.53,24,Home Loan,forties
24,Female,Married,PhD,Unemployed,0.69,"1,685",10,"2,878,000",17.19,60,Auto Loan,twenties
39,Female,Single,Bachelor,Employed,0.45,142,8,"1,941,000",18.48,24,Home Loan,thirties
49,Male,Married,PhD,Unemployed,0.77,"1,200",7,"1,822,000",8.61,12,Auto Loan,forties
24,Female,Married,High School,Employed,0.29,685,10,"3,119,000",1.83,12,Personal Loan,twenties
38,Male,Married,Master,Unemployed,0.17,"2,000",4,"1,598,000",4.72,24,Auto Loan,thirties
21,Male,Single,High School,Self-Employed,0.94,"1,114",8,"2,115,000",8.02,36,Home Loan,twenties
53,Female,Divorced,High School,Employed,0.14,457,4,"1,708,000",11.12,36,Auto Loan,fifties
47,Male,Married,Bachelor,Unemployed,0.29,542,6,"2,173,000",2.01,36,Personal Loan,forties
57,Female,Married,High School,Self-Employed,0.79,"2,228",2,"1,505,000",10.66,60,Auto Loan,fifties
53,Female,Married,Master,Unemployed,0.37,"2,514",8,"4,251,000",10.0,60,Auto Loan,fifties
57,Male,Married,Bachelor,Employed,0.45,857,7,"1,934,000",6.81,48,Home Loan,fifties
43,Female,Divorced,High School,Employed,0.75,"1,057",8,"4,452,000",7.68,60,Personal Loan,forties
52,Female,Single,PhD,Self-Employed,0.43,"1,342",8,"2,759,000",6.19,12,Personal Loan,fifties
34,Female,Divorced,High School,Self-Employed,0.9,"1,057",9,"4,402,000",11.39,12,Auto Loan,thirties
26,Male,Married,Master,Employed,0.55,"1,200",4,"2,862,000",5.75,36,Personal Loan,twenties
58,Male,Divorced,Master,Employed,0.77,"1,028",6,"3,487,000",18.97,60,Home Loan,fifties
50,Male,Single,Bachelor,Employed,0.72,742,8,"2,061,000",10.8,60,Auto Loan,fifties
49,Female,Married,Master,Employed,0.43,"2,542",7,"1,858,000",9.33,60,Personal Loan,forties
28,Male,Single,High School,Self-Employed,0.81,"1,285",6,"1,992,000",8.96,48,Home Loan,twenties
39,Female,Divorced,High School,Unemployed,0.79,485,3,"2,870,000",11.8,60,Home Loan,thirties
45,Female,Married,PhD,Employed,0.53,685,8,"1,011,000",7.25,48,Home Loan,forties
25,Male,Married,Bachelor,Employed,0.83,"2,200",8,"325,000",4.55,12,Auto Loan,twenties
33,Male,Single,High School,Self-Employed,0.06,"1,885",1,"1,541,000",7.21,48,Auto Loan,thirties
27,Male,Divorced,PhD,Self-Employed,0.74,"1,400",4,"1,190,000",17.54,36,Auto Loan,twenties
62,Female,Married,Master,Unemployed,0.2,"2,600",8,"2,411,000",4.83,24,Auto Loan,sixties
45,Male,Divorced,Master,Unemployed,0.88,"1,657",8,"4,933,000",1.74,12,Auto Loan,forties
49,Female,Divorced,Master,Self-Employed,0.61,628,7,"2,190,000",4.41,60,Home Loan,forties
49,Female,Divorced,Bachelor,Unemployed,0.57,"1,428",1,"2,111,000",17.83,24,Auto Loan,forties
54,Female,Divorced,High School,Unemployed,0.73,771,8,"3,550,000",19.86,60,Personal Loan,fifties
24,Male,Divorced,Master,Self-Employed,0.45,914,4,"4,345,000",1.85,12,Personal Loan,twenties
64,Female,Single,Master,Unemployed,0.4,685,7,"417,000",1.2,12,Home Loan,sixties
40,Female,Single,PhD,Employed,0.08,"2,400",4,"3,772,000",3.66,36,Personal Loan,forties
21,Male,Married,Master,Employed,0.53,"1,428",3,"751,000",13.76,12,Home Loan,twenties
29,Female,Single,Bachelor,Employed,0.71,"2,457",9,"1,913,000",9.4,12,Home Loan,twenties
61,Male,Single,Master,Self-Employed,0.05,0,1,"3,266,000",15.58,24,Auto Loan,sixties
32,Male,Married,PhD,Employed,0.99,"1,228",4,"630,000",5.19,12,Home Loan,thirties
30,Male,Single,High School,Self-Employed,0.32,"2,285",4,"1,837,000",18.75,48,Auto Loan,thirties
34,Male,Married,Master,Self-Employed,0.17,"1,457",6,"201,000",8.39,48,Personal Loan,thirties
62,Female,Divorced,Master,Employed,0.07,771,7,"2,629,000",15.58,48,Personal Loan,sixties
54,Male,Single,High School,Unemployed,0.32,"2,285",7,"1,215,000",7.31,36,Home Loan,fifties
24,Female,Married,PhD,Self-Employed,0.51,"2,685",4,"4,323,000",12.16,12,Personal Loan,twenties
59,Male,Single,Bachelor,Unemployed,0.43,885,10,"766,000",2.14,36,Auto Loan,fifties
32,Male,Single,Bachelor,Unemployed,0.04,"2,628",10,"3,822,000",15.05,36,Personal Loan,thirties
40,Male,Divorced,PhD,Unemployed,0.81,"2,742",1,"2,021,000",17.09,36,Auto Loan,forties
33,Male,Divorced,Bachelor,Unemployed,0.7,800,10,"3,300,000",10.91,24,Auto Loan,thirties
20,Male,Single,High School,Employed,0.05,514,4,"1,153,000",2.74,60,Home Loan,twenties
35,Male,Single,PhD,Self-Employed,0.16,714,4,"3,657,000",4.35,24,Auto Loan,thirties
56,Female,Divorced,Bachelor,Self-Employed,0.86,"1,742",2,"3,116,000",8.57,24,Auto Loan,fifties
47,Female,Married,PhD,Employed,0.76,"1,542",2,"2,619,000",12.31,24,Home Loan,forties
31,Female,Single,PhD,Self-Employed,0.45,"1,371",9,"4,134,000",2.37,24,Home Loan,thirties
32,Male,Married,High School,Employed,0.86,"2,657",6,"4,223,000",8.69,48,Auto Loan,thirties
43,Female,Single,Master,Unemployed,0.99,257,7,"426,000",19.86,12,Auto Loan,forties
30,Male,Single,Master,Unemployed,0.35,"2,571",8,"3,189,000",14.23,48,Auto Loan,thirties
35,Male,Single,High School,Self-Employed,0.63,"2,457",1,"1,341,000",5.97,48,Home Loan,thirties
36,Male,Divorced,Bachelor,Employed,0.12,314,7,"3,436,000",14.42,12,Home Loan,thirties
47,Male,Single,Master,Unemployed,0.3,"1,942",7,"2,684,000",14.94,12,Personal Loan,forties
56,Female,Married,Master,Unemployed,0.21,"2,714",7,"2,685,000",1.12,24,Auto Loan,fifties
26,Male,Divorced,PhD,Unemployed,0.42,"1,028",7,"1,531,000",4.35,24,Home Loan,twenties
32,Female,Married,High School,Self-Employed,0.57,771,3,"1,786,000",2.12,24,Personal Loan,thirties
46,Female,Divorced,High School,Unemployed,0.17,"1,057",2,"3,269,000",3.37,12,Auto Loan,forties
57,Male,Single,PhD,Unemployed,0.76,28,1,"2,332,000",15.28,12,Home Loan,fifties
22,Male,Married,High School,Self-Employed,0.6,"2,771",5,"4,176,000",9.99,36,Home Loan,twenties
41,Female,Divorced,Master,Self-Employed,0.82,"1,314",7,"3,275,000",12.61,36,Auto Loan,forties
20,Female,Divorced,PhD,Unemployed,0.84,485,1,"1,131,000",17.51,36,Home Loan,twenties
43,Female,Divorced,PhD,Unemployed,0.41,685,1,"2,803,000",1.32,36,Personal Loan,forties
40,Female,Married,PhD,Self-Employed,0.74,285,6,"3,690,000",18.84,48,Home Loan,forties
26,Female,Single,Bachelor,Unemployed,0.14,"1,885",10,"4,333,000",1.6,48,Personal Loan,twenties
63,Female,Married,PhD,Employed,0.48,"1,971",4,"2,141,000",5.02,12,Personal Loan,sixties
65,Male,Married,Master,Self-Employed,0.77,800,5,"4,096,000",19.08,12,Home Loan,sixties
54,Female,Married,Master,Employed,0.93,"2,800",10,"642,000",13.24,48,Home Loan,fifties
44,Female,Married,Bachelor,Self-Employed,0.12,314,2,"848,000",7.46,60,Personal Loan,forties
27,Female,Married,Master,Self-Employed,0.58,0,5,"619,000",12.21,24,Auto Loan,twenties
40,Female,Divorced,Bachelor,Unemployed,0.66,"2,142",4,"994,000",8.51,60,Auto Loan,forties
29,Female,Married,PhD,Unemployed,0.46,"2,171",5,"1,324,000",15.19,12,Home Loan,twenties
39,Male,Single,PhD,Unemployed,0.83,"1,800",5,"3,260,000",2.12,36,Personal Loan,thirties
33,Male,Divorced,High School,Employed,0.86,"2,657",7,"2,609,000",19.7,24,Personal Loan,thirties
45,Female,Single,PhD,Self-Employed,0.76,"1,428",2,"4,528,000",14.81,36,Home Loan,forties
64,Female,Married,Bachelor,Self-Employed,0.75,"2,114",1,"2,651,000",9.69,24,Home Loan,sixties
48,Female,Single,Bachelor,Employed,0.22,"2,714",4,"177,000",7.88,60,Personal Loan,forties
29,Female,Single,Bachelor,Employed,0.1,"1,714",3,"540,000",3.23,60,Home Loan,twenties
57,Female,Married,PhD,Employed,0.03,857,7,"4,199,000",6.75,60,Personal Loan,fifties
44,Male,Single,PhD,Self-Employed,0.63,"1,600",6,"197,000",3.28,12,Personal Loan,forties
61,Male,Married,PhD,Self-Employed,0.69,342,10,"1,619,000",8.3,48,Auto Loan,sixties
28,Male,Single,High School,Unemployed,0.91,"1,942",3,"3,500,000",16.44,12,Auto Loan,twenties
54,Female,Married,High School,Employed,0.97,428,3,"1,609,000",1.1,48,Auto Loan,fifties
22,Male,Divorced,Bachelor,Unemployed,0.16,"2,028",5,"394,000",2.61,12,Home Loan,twenties
43,Male,Single,High School,Employed,0.3,"1,885",5,"4,580,000",9.45,60,Auto Loan,forties
40,Female,Divorced,Bachelor,Unemployed,0.1,142,4,"408,000",4.57,36,Personal Loan,forties
58,Male,Divorced,Master,Self-Employed,0.13,"2,257",7,"724,000",11.45,36,Auto Loan,fifties
30,Female,Single,High School,Self-Employed,0.68,"2,514",3,"4,595,000",4.87,36,Home Loan,thirties
61,Male,Divorced,Master,Unemployed,0.66,"1,857",10,"1,476,000",8.97,24,Auto Loan,sixties
44,Male,Divorced,Bachelor,Employed,0.27,"1,942",2,"4,700,000",8.73,36,Home Loan,forties
43,Female,Single,Bachelor,Employed,0.27,342,7,"1,964,000",8.19,12,Personal Loan,forties
53,Female,Divorced,PhD,Employed,0.53,"2,542",10,"2,466,000",11.48,60,Personal Loan,fifties
30,Female,Single,Bachelor,Self-Employed,0.81,"2,457",9,"4,728,000",12.3,48,Auto Loan,thirties
28,Female,Married,Bachelor,Unemployed,0.13,"1,371",10,"2,343,000",2.0,36,Home Loan,twenties
63,Female,Divorced,PhD,Employed,0.44,"1,285",8,"4,313,000",6.45,48,Home Loan,sixties
34,Female,Divorced,High School,Self-Employed,0.41,"1,142",2,"767,000",2.46,24,Personal Loan,thirties
56,Male,Married,Master,Unemployed,0.93,28,7,"4,367,000",18.72,24,Auto Loan,fifties
52,Male,Single,High School,Unemployed,0.19,"2,714",1,"3,665,000",14.35,36,Personal Loan,fifties
62,Male,Divorced,PhD,Employed,0.67,"2,771",9,"1,988,000",4.32,36,Personal Loan,sixties
42,Male,Single,PhD,Self-Employed,0.17,400,6,"2,195,000",16.8,12,Auto Loan,forties
50,Female,Single,Bachelor,Employed,0.74,"2,057",7,"1,924,000",18.54,60,Personal Loan,fifties
59,Female,Married,Master,Employed,0.62,"1,200",5,"3,069,000",3.04,36,Home Loan,fifties
45,Female,Married,High School,Self-Employed,0.49,285,9,"4,414,000",18.07,48,Personal Loan,forties
20,Male,Divorced,Master,Employed,0.47,"1,342",5,"3,158,000",9.14,24,Home Loan,twenties
26,Female,Divorced,PhD,Employed,0.14,"2,714",7,"149,000",7.83,24,Personal Loan,twenties
38,Male,Married,PhD,Self-Employed,0.74,114,3,"1,769,000",19.02,36,Personal Loan,thirties
51,Female,Divorced,Bachelor,Self-Employed,0.75,"2,828",7,"4,310,000",14.79,48,Personal Loan,fifties
26,Male,Married,Bachelor,Self-Employed,0.5,"2,800",4,"537,000",13.89,36,Auto Loan,twenties
20,Female,Single,Master,Self-Employed,0.49,"2,771",7,"2,178,000",12.73,60,Personal Loan,twenties
37,Male,Single,Bachelor,Unemployed,0.82,714,8,"965,000",14.32,60,Home Loan,thirties
32,Male,Married,High School,Employed,0.4,"1,000",4,"1,326,000",9.1,60,Personal Loan,thirties
23,Female,Single,Master,Unemployed,0.63,828,4,"2,920,000",9.1,12,Home Loan,twenties
61,Male,Single,High School,Self-Employed,0.36,"1,257",7,"2,172,000",7.08,12,Personal Loan,sixties
20,Male,Divorced,Master,Employed,0.29,"1,000",10,"945,000",9.19,36,Auto Loan,twenties
41,Female,Married,High School,Unemployed,0.01,"2,000",3,"2,878,000",7.85,36,Home Loan,forties
53,Female,Married,Master,Employed,0.58,314,2,"1,195,000",12.96,60,Personal Loan,fifties
57,Male,Married,PhD,Employed,0.07,"1,971",10,"2,976,000",6.73,48,Personal Loan,fifties
29,Male,Married,Bachelor,Self-Employed,0.55,914,9,"3,014,000",18.0,48,Home Loan,twenties
27,Female,Married,PhD,Self-Employed,0.52,"1,828",1,"1,500,000",12.38,24,Auto Loan,twenties
56,Male,Divorced,Bachelor,Unemployed,0.81,"1,800",9,"4,407,000",19.46,24,Auto Loan,fifties
44,Female,Single,Master,Employed,0.18,571,10,"1,927,000",12.25,12,Home Loan,forties
52,Female,Single,Bachelor,Self-Employed,0.71,"2,000",2,"1,535,000",5.25,60,Personal Loan,fifties
22,Male,Single,Bachelor,Self-Employed,0.87,171,4,"1,861,000",11.16,12,Home Loan,twenties
60,Female,Single,High School,Unemployed,0.88,942,3,"3,525,000",18.07,36,Auto Loan,sixties
60,Male,Single,Bachelor,Unemployed,0.97,628,5,"231,000",11.21,60,Personal Loan,sixties
64,Female,Divorced,Master,Unemployed,0.63,"2,000",4,"3,809,000",5.19,36,Personal Loan,sixties
60,Female,Married,PhD,Employed,0.73,"1,571",6,"1,344,000",18.14,12,Auto Loan,sixties
49,Male,Married,Bachelor,Unemployed,0.49,"2,657",3,"2,466,000",1.4,24,Personal Loan,forties
63,Male,Married,Bachelor,Employed,0.43,"1,657",7,"941,000",14.76,24,Home Loan,sixties
58,Male,Single,PhD,Employed,0.11,28,1,"1,209,000",5.72,12,Auto Loan,fifties
60,Male,Married,High School,Unemployed,0.74,"1,228",2,"1,797,000",3.65,60,Auto Loan,sixties
39,Female,Single,Bachelor,Employed,0.06,"2,514",5,"4,660,000",3.34,12,Personal Loan,thirties
38,Male,Divorced,PhD,Employed,0.0,800,1,"2,001,000",9.12,24,Auto Loan,thirties
38,Male,Divorced,PhD,Unemployed,0.88,400,8,"1,522,000",19.82,24,Personal Loan,thirties
42,Male,Divorced,Master,Employed,0.36,285,1,"1,368,000",4.38,60,Auto Loan,forties
31,Female,Married,Master,Unemployed,0.82,"1,257",2,"2,374,000",18.41,36,Auto Loan,thirties
24,Male,Married,Bachelor,Self-Employed,0.15,"1,628",8,"665,000",3.15,48,Home Loan,twenties
29,Male,Single,Bachelor,Employed,0.77,"1,285",6,"4,246,000",9.05,48,Home Loan,twenties
41,Male,Divorced,Bachelor,Self-Employed,0.42,"1,800",9,"4,578,000",10.36,60,Personal Loan,forties
25,Female,Divorced,Bachelor,Unemployed,0.09,"1,314",1,"1,805,000",19.88,12,Auto Loan,twenties
50,Male,Married,High School,Self-Employed,0.36,"2,828",3,"2,572,000",9.75,60,Auto Loan,fifties
33,Male,Married,Bachelor,Employed,0.96,"2,571",3,"3,266,000",14.93,48,Auto Loan,thirties
64,Male,Divorced,High School,Self-Employed,0.84,571,1,"1,332,000",7.94,12,Personal Loan,sixties
20,Female,Married,Bachelor,Self-Employed,0.74,"2,714",9,"2,612,000",9.93,36,Auto Loan,twenties
64,Male,Single,High School,Employed,0.06,"2,342",1,"1,556,000",10.56,12,Auto Loan,sixties
63,Female,Divorced,Master,Unemployed,0.5,"2,571",4,"3,654,000",18.7,36,Personal Loan,sixties
44,Male,Divorced,Bachelor,Self-Employed,0.62,800,7,"1,641,000",16.63,60,Home Loan,forties
64,Female,Single,Master,Unemployed,0.64,"1,371",3,"559,000",16.26,48,Personal Loan,sixties
26,Male,Married,Master,Unemployed,0.78,"1,200",1,"2,109,000",6.36,60,Personal Loan,twenties
33,Male,Single,Bachelor,Unemployed,0.2,114,4,"2,358,000",2.62,60,Home Loan,thirties
56,Female,Married,High School,Self-Employed,0.09,"1,114",1,"3,092,000",15.28,48,Home Loan,fifties
40,Female,Divorced,Master,Employed,0.7,342,6,"3,517,000",18.03,60,Personal Loan,forties
29,Male,Divorced,PhD,Self-Employed,0.59,114,5,"1,452,000",3.88,48,Personal Loan,twenties
25,Male,Married,Bachelor,Unemployed,0.16,"1,828",9,"4,490,000",18.67,36,Auto Loan,twenties
41,Female,Single,PhD,Employed,0.89,"2,828",7,"2,106,000",4.97,60,Home Loan,forties
29,Female,Married,High School,Employed,0.77,"1,114",9,"831,000",10.48,48,Auto Loan,twenties
38,Male,Married,Master,Unemployed,0.36,314,2,"1,603,000",14.5,48,Auto Loan,thirties
36,Female,Divorced,Bachelor,Employed,0.97,"1,771",1,"3,149,000",17.32,48,Auto Loan,thirties
63,Male,Single,Master,Unemployed,0.84,"1,142",6,"800,000",13.96,60,Auto Loan,sixties
63,Male,Divorced,High School,Unemployed,0.79,"2,542",9,"167,000",3.94,12,Auto Loan,sixties
30,Female,Married,Bachelor,Self-Employed,0.87,"2,428",2,"3,027,000",9.85,60,Auto Loan,thirties
25,Male,Divorced,High School,Self-Employed,0.77,714,7,"2,858,000",2.22,36,Home Loan,twenties
33,Female,Married,Master,Self-Employed,0.04,542,8,"1,321,000",13.16,36,Home Loan,thirties
58,Female,Married,Master,Self-Employed,0.98,771,1,"1,874,000",17.49,48,Auto Loan,fifties
60,Male,Married,Bachelor,Employed,0.27,285,5,"3,887,000",17.55,60,Personal Loan,sixties
36,Male,Married,High School,Self-Employed,0.34,"2,742",5,"1,480,000",4.77,48,Auto Loan,thirties
54,Male,Divorced,PhD,Self-Employed,0.91,"2,085",7,"183,000",11.66,60,Personal Loan,fifties
62,Male,Single,Master,Employed,0.15,"1,657",3,"4,290,000",17.42,12,Home Loan,sixties
36,Male,Single,Bachelor,Unemployed,0.45,"2,114",2,"406,000",5.15,24,Auto Loan,thirties
54,Male,Divorced,PhD,Employed,0.35,685,10,"221,000",8.03,36,Personal Loan,fifties
39,Male,Divorced,PhD,Unemployed,1.0,"1,485",7,"3,051,000",7.69,60,Auto Loan,thirties
41,Male,Married,PhD,Self-Employed,0.37,"2,000",10,"1,464,000",11.31,48,Auto Loan,forties
64,Female,Divorced,Master,Unemployed,0.62,342,2,"971,000",2.7,12,Home Loan,sixties
26,Female,Divorced,High School,Unemployed,0.44,"2,114",1,"2,532,000",17.18,24,Personal Loan,twenties
55,Female,Married,Bachelor,Self-Employed,0.95,"1,257",8,"3,564,000",18.25,48,Personal Loan,fifties
34,Female,Single,Master,Self-Employed,0.84,"1,514",4,"135,000",18.1,48,Personal Loan,thirties
21,Male,Single,Master,Self-Employed,0.17,"2,085",7,"2,129,000",11.56,48,Personal Loan,twenties
61,Female,Married,PhD,Employed,0.94,"1,400",3,"3,482,000",18.18,60,Personal Loan,sixties
34,Male,Divorced,Bachelor,Unemployed,0.12,"2,085",7,"2,283,000",16.91,24,Auto Loan,thirties
25,Male,Married,PhD,Employed,0.63,"2,142",3,"333,000",12.74,60,Personal Loan,twenties
44,Male,Divorced,Bachelor,Self-Employed,0.63,"2,828",6,"1,665,000",5.55,24,Auto Loan,forties
54,Male,Divorced,PhD,Self-Employed,0.66,"1,000",2,"1,306,000",12.92,60,Personal Loan,fifties
49,Male,Married,Bachelor,Self-Employed,0.26,657,2,"749,000",10.39,36,Personal Loan,forties
26,Female,Married,PhD,Employed,0.49,"2,285",2,"1,864,000",14.06,48,Auto Loan,twenties
48,Male,Married,Master,Employed,0.9,"2,400",10,"364,000",3.23,36,Auto Loan,forties
59,Male,Married,Master,Employed,0.19,85,9,"293,000",10.84,24,Personal Loan,fifties
27,Male,Married,Master,Employed,0.22,"2,657",3,"2,345,000",6.2,24,Personal Loan,twenties
65,Female,Single,PhD,Self-Employed,0.51,"1,457",4,"2,198,000",4.29,36,Auto Loan,sixties
57,Female,Married,Bachelor,Unemployed,0.49,"1,628",7,"2,379,000",16.5,60,Personal Loan,fifties
44,Female,Married,Master,Self-Employed,0.9,228,8,"1,503,000",17.9,60,Auto Loan,forties
46,Female,Divorced,Master,Self-Employed,0.03,657,6,"3,702,000",16.03,36,Personal Loan,forties
33,Female,Single,Bachelor,Self-Employed,0.12,"1,142",1,"2,859,000",5.06,60,Auto Loan,thirties
55,Male,Single,Master,Unemployed,0.21,771,2,"4,806,000",6.28,60,Home Loan,fifties
56,Female,Divorced,PhD,Self-Employed,0.81,714,4,"517,000",16.25,48,Personal Loan,fifties
46,Male,Married,PhD,Employed,0.6,"2,142",7,"2,083,000",11.95,36,Personal Loan,forties
56,Male,Single,Master,Employed,0.84,"1,457",1,"4,575,000",18.44,12,Auto Loan,fifties
21,Male,Single,High School,Self-Employed,0.72,"1,000",6,"3,001,000",8.61,60,Auto Loan,twenties
59,Male,Single,Master,Unemployed,0.98,"1,800",2,"3,237,000",18.82,12,Personal Loan,fifties
23,Male,Married,High School,Self-Employed,0.86,"2,628",7,"1,999,000",4.23,24,Home Loan,twenties
54,Male,Divorced,High School,Self-Employed,0.88,142,2,"503,000",19.0,12,Auto Loan,fifties
64,Female,Single,Bachelor,Employed,0.58,428,3,"2,779,000",17.38,60,Auto Loan,sixties
48,Male,Divorced,Bachelor,Unemployed,0.48,"1,771",5,"2,800,000",15.68,48,Personal Loan,forties
36,Female,Divorced,High School,Self-Employed,0.56,885,4,"754,000",2.43,48,Personal Loan,thirties
20,Male,Single,PhD,Employed,0.49,"1,228",4,"4,526,000",10.76,36,Auto Loan,twenties
49,Male,Divorced,High School,Employed,0.22,"1,314",7,"3,895,000",17.49,60,Personal Loan,forties
32,Male,Single,PhD,Employed,0.69,"2,085",2,"1,336,000",9.76,12,Home Loan,thirties
35,Male,Single,Bachelor,Self-Employed,0.03,"2,400",9,"3,897,000",7.69,12,Home Loan,thirties
42,Female,Married,Bachelor,Self-Employed,0.5,"1,857",6,"546,000",9.39,36,Personal Loan,forties
61,Female,Divorced,PhD,Employed,0.29,"1,457",3,"2,415,000",11.06,48,Home Loan,sixties
26,Male,Divorced,Bachelor,Employed,0.22,171,1,"4,925,000",6.06,12,Home Loan,twenties
37,Male,Divorced,PhD,Self-Employed,0.39,800,5,"4,254,000",4.91,24,Auto Loan,thirties
38,Female,Divorced,High School,Employed,0.19,"2,542",10,"4,099,000",15.04,24,Personal Loan,thirties
63,Male,Married,Bachelor,Self-Employed,0.9,514,1,"4,081,000",9.13,12,Personal Loan,sixties
24,Male,Divorced,High School,Unemployed,0.35,"1,714",10,"108,000",10.28,24,Auto Loan,twenties
22,Male,Divorced,Master,Employed,0.53,600,3,"888,000",2.9,36,Auto Loan,twenties
42,Female,Divorced,PhD,Self-Employed,0.36,28,6,"2,626,000",14.49,60,Home Loan,forties
50,Male,Single,High School,Employed,0.98,800,3,"3,096,000",10.46,24,Home Loan,fifties
64,Female,Single,Bachelor,Unemployed,0.09,"1,371",2,"2,398,000",17.67,60,Auto Loan,sixties
31,Female,Divorced,Master,Self-Employed,0.39,"1,514",5,"2,695,000",4.62,60,Home Loan,thirties
41,Male,Single,PhD,Unemployed,0.97,"1,257",5,"1,024,000",19.42,48,Home Loan,forties
49,Male,Divorced,Master,Unemployed,0.56,571,5,"4,184,000",6.48,36,Personal Loan,forties
22,Male,Single,High School,Employed,0.49,0,7,"3,055,000",13.54,12,Personal Loan,twenties
28,Female,Single,Bachelor,Employed,0.71,514,4,"3,724,000",12.12,12,Auto Loan,twenties
22,Female,Single,Bachelor,Unemployed,0.64,"1,542",7,"923,000",17.97,36,Home Loan,twenties
31,Female,Divorced,Master,Unemployed,0.14,"2,800",4,"2,197,000",3.58,60,Personal Loan,thirties
39,Male,Single,PhD,Unemployed,0.18,"2,857",7,"906,000",3.63,48,Home Loan,thirties
52,Female,Single,Master,Self-Employed,0.47,"1,485",8,"332,000",18.34,12,Auto Loan,fifties
28,Female,Married,Master,Employed,0.62,"2,057",5,"549,000",15.35,48,Personal Loan,twenties
62,Male,Single,PhD,Employed,0.08,971,2,"2,897,000",12.29,36,Home Loan,sixties
64,Female,Married,High School,Unemployed,0.58,"1,857",1,"1,820,000",10.81,60,Home Loan,sixties
28,Male,Divorced,Bachelor,Self-Employed,0.63,"2,628",1,"4,168,000",12.85,24,Personal Loan,twenties
20,Male,Divorced,High School,Unemployed,0.1,742,2,"4,074,000",1.47,60,Auto Loan,twenties
23,Male,Single,PhD,Self-Employed,0.98,857,9,"2,283,000",16.61,48,Home Loan,twenties
27,Female,Married,High School,Employed,0.14,"2,714",4,"1,533,000",10.72,60,Personal Loan,twenties
50,Female,Single,High School,Unemployed,0.49,"2,428",5,"3,382,000",8.33,12,Auto Loan,fifties
47,Male,Married,Master,Self-Employed,0.12,"1,400",1,"4,970,000",6.75,60,Auto Loan,forties
42,Male,Single,PhD,Self-Employed,0.01,571,6,"4,300,000",17.26,60,Personal Loan,forties
65,Female,Divorced,High School,Employed,0.66,"1,285",10,"2,946,000",9.73,24,Auto Loan,sixties
39,Female,Married,PhD,Self-Employed,0.96,"2,200",3,"4,932,000",14.46,60,Home Loan,thirties
36,Male,Divorced,Master,Unemployed,0.96,"1,257",10,"3,487,000",2.28,12,Home Loan,thirties
34,Male,Divorced,High School,Self-Employed,0.93,"1,714",6,"2,042,000",19.65,24,Personal Loan,thirties
44,Female,Married,High School,Unemployed,0.25,114,2,"3,804,000",15.5,60,Home Loan,forties
31,Female,Married,PhD,Self-Employed,0.13,"2,314",10,"4,768,000",4.79,36,Auto Loan,thirties
63,Female,Married,Bachelor,Unemployed,0.16,"1,914",4,"822,000",12.06,12,Personal Loan,sixties
28,Male,Single,PhD,Unemployed,0.55,257,6,"1,654,000",13.96,60,Auto Loan,twenties
33,Female,Divorced,Master,Self-Employed,0.62,"2,028",3,"663,000",9.34,48,Personal Loan,thirties
25,Male,Divorced,Master,Employed,0.12,828,1,"4,634,000",7.29,24,Auto Loan,twenties
44,Female,Married,Bachelor,Self-Employed,0.07,"2,085",4,"4,443,000",18.7,60,Auto Loan,forties
59,Male,Divorced,High School,Unemployed,0.47,942,1,"371,000",7.42,36,Personal Loan,fifties
23,Male,Married,Master,Unemployed,0.91,200,4,"4,240,000",2.39,60,Home Loan,twenties
22,Female,Married,PhD,Unemployed,0.74,285,9,"4,116,000",18.99,36,Home Loan,twenties
26,Male,Single,Bachelor,Unemployed,0.35,"1,742",5,"2,011,000",1.41,12,Personal Loan,twenties
54,Female,Divorced,High School,Unemployed,0.48,"1,400",7,"1,151,000",9.16,48,Home Loan,fifties
27,Female,Married,Master,Self-Employed,0.19,"1,571",1,"2,098,000",5.41,60,Personal Loan,twenties
46,Male,Married,Bachelor,Employed,0.08,457,8,"1,615,000",6.37,36,Auto Loan,forties
61,Male,Single,Bachelor,Unemployed,0.4,"2,400",2,"744,000",2.45,60,Personal Loan,sixties
65,Female,Married,PhD,Unemployed,0.3,"1,314",9,"2,555,000",17.51,24,Home Loan,sixties
40,Male,Married,Master,Self-Employed,0.71,"2,257",8,"2,447,000",2.49,24,Home Loan,forties
39,Male,Married,Master,Unemployed,0.82,514,1,"2,072,000",14.27,48,Personal Loan,thirties
51,Male,Single,Master,Unemployed,0.38,285,1,"2,441,000",17.24,48,Auto Loan,fifties
44,Female,Single,High School,Employed,0.21,657,7,"4,567,000",1.99,36,Personal Loan,forties
42,Male,Divorced,Master,Self-Employed,0.81,"2,142",4,"329,000",7.48,60,Auto Loan,forties
23,Male,Divorced,PhD,Unemployed,0.93,"1,028",9,"3,988,000",9.05,60,Home Loan,twenties
30,Female,Single,Bachelor,Employed,0.91,"1,000",5,"818,000",19.98,60,Auto Loan,thirties
56,Female,Married,Master,Self-Employed,0.27,914,10,"204,000",3.36,60,Home Loan,fifties
36,Male,Single,PhD,Employed,0.44,"1,685",1,"3,109,000",10.12,60,Personal Loan,thirties
23,Male,Single,Master,Employed,0.44,942,5,"2,277,000",17.51,24,Personal Loan,twenties
31,Male,Divorced,High School,Employed,0.11,114,3,"4,351,000",17.35,60,Auto Loan,thirties
55,Male,Married,Master,Self-Employed,0.02,"1,285",9,"475,000",12.41,36,Personal Loan,fifties
52,Female,Married,High School,Employed,0.2,"2,085",6,"3,589,000",2.36,48,Auto Loan,fifties
21,Female,Divorced,Master,Self-Employed,0.98,"2,371",6,"4,048,000",18.91,36,Home Loan,twenties
30,Female,Married,Master,Employed,0.91,85,2,"1,874,000",16.35,60,Home Loan,thirties
52,Female,Married,PhD,Unemployed,0.03,"2,628",3,"3,297,000",15.49,12,Personal Loan,fifties
56,Female,Divorced,High School,Unemployed,0.8,"2,200",8,"4,499,000",10.89,36,Auto Loan,fifties
56,Female,Married,Master,Employed,0.8,"1,314",4,"3,924,000",6.98,12,Home Loan,fifties
48,Female,Single,High School,Self-Employed,0.56,257,6,"4,161,000",12.5,48,Auto Loan,forties
56,Male,Divorced,Bachelor,Self-Employed,0.67,"2,428",3,"2,283,000",16.12,36,Auto Loan,fifties
25,Female,Single,Bachelor,Unemployed,0.49,"2,800",4,"1,609,000",17.65,12,Personal Loan,twenties
46,Female,Divorced,PhD,Unemployed,0.1,114,7,"301,000",14.11,12,Personal Loan,forties
53,Female,Single,Master,Employed,0.4,"2,028",4,"2,561,000",3.26,36,Home Loan,fifties
59,Male,Divorced,High School,Employed,0.74,"1,285",8,"3,530,000",12.99,48,Auto Loan,fifties
64,Male,Divorced,Bachelor,Unemployed,0.77,"1,857",2,"1,377,000",18.02,60,Home Loan,sixties
63,Female,Single,Master,Self-Employed,0.18,"2,628",10,"2,443,000",18.95,12,Personal Loan,sixties
51,Female,Married,PhD,Self-Employed,0.32,"1,142",3,"1,301,000",1.8,24,Auto Loan,fifties
37,Female,Married,Master,Self-Employed,0.17,"1,028",5,"4,182,000",9.34,24,Auto Loan,thirties
